x1	y1	e1	x2	y2	e2
3.1	2.49E+02	1.21E+01	1.6	4.84E+01	6.92E+01
3.2	2.38E+02	9.00E+00	1.7	2.31E+02	5.22E+01
3.2	2.24E+02	7.96E+00	1.7	1.57E+02	4.40E+01
3.3	2.21E+02	7.08E+00	1.8	1.24E+02	3.89E+01
3.4	2.31E+02	6.72E+00	1.9	1.35E+02	3.58E+01
3.4	2.30E+02	6.22E+00	1.9	2.08E+02	3.36E+01
3.5	2.33E+02	5.98E+00	2	1.73E+02	3.11E+01
3.6	2.42E+02	5.85E+00	2.1	2.01E+02	2.96E+01
3.6	2.17E+02	5.49E+00	2.1	1.46E+02	2.73E+01
3.7	2.20E+02	5.37E+00	2.2	2.01E+02	2.67E+01
3.8	2.32E+02	5.14E+00	2.3	1.61E+02	2.45E+01
3.8	2.21E+02	4.95E+00	2.3	1.92E+02	2.42E+01
3.9	2.14E+02	4.86E+00	2.4	1.48E+02	2.14E+01
4	2.27E+02	4.78E+00	2.5	1.47E+02	2.17E+01
4	2.20E+02	4.67E+00	2.5	1.30E+02	1.95E+01
4.1	2.16E+02	4.51E+00	2.6	1.43E+02	1.99E+01
4.2	2.12E+02	4.35E+00	2.7	1.85E+02	1.90E+01
4.2	2.23E+02	4.35E+00	2.7	1.57E+02	1.80E+01
4.3	2.19E+02	4.19E+00	2.8	1.44E+02	1.74E+01
4.4	2.22E+02	4.17E+00	2.9	1.53E+02	1.63E+01
4.4	2.18E+02	4.13E+00	2.9	1.58E+02	1.65E+01
4.5	2.21E+02	4.03E+00	3	1.52E+02	1.54E+01
4.6	2.17E+02	4.03E+00	3.1	1.53E+02	1.54E+01
4.6	2.17E+02	3.98E+00	3.1	1.42E+02	1.44E+01
4.7	2.16E+02	3.86E+00	3.2	1.63E+02	1.46E+01
4.8	2.15E+02	3.81E+00	3.3	1.27E+02	1.38E+01
4.8	2.14E+02	3.78E+00	3.3	1.39E+02	1.31E+01
4.9	2.21E+02	3.79E+00	3.4	1.64E+02	1.34E+01
5	2.17E+02	3.65E+00	3.5	1.57E+02	1.26E+01
5	2.13E+02	3.65E+00	3.5	1.54E+02	1.27E+01
5.1	2.18E+02	3.61E+00	3.6	1.41E+02	1.19E+01
5.2	2.20E+02	3.56E+00	3.7	1.33E+02	1.17E+01
5.2	2.17E+02	3.50E+00	3.7	1.18E+02	1.11E+01
5.3	2.14E+02	3.45E+00	3.8	1.44E+02	1.12E+01
5.3	2.17E+02	3.44E+00	3.8	1.61E+02	1.13E+01
5.4	2.18E+02	3.41E+00	3.9	1.18E+02	1.02E+01
5.5	2.11E+02	3.41E+00	4	1.34E+02	1.05E+01
5.5	2.13E+02	3.38E+00	4	1.31E+02	1.01E+01
5.6	2.17E+02	3.33E+00	4.1	1.47E+02	1.04E+01
5.7	2.20E+02	3.30E+00	4.2	1.42E+02	9.82E+00
5.7	2.10E+02	3.22E+00	4.2	1.37E+02	9.77E+00
5.8	2.13E+02	3.26E+00	4.3	1.36E+02	9.62E+00
5.9	2.16E+02	3.18E+00	4.4	1.42E+02	9.30E+00
5.9	2.16E+02	3.21E+00	4.4	1.34E+02	9.19E+00
6	2.09E+02	3.12E+00	4.5	1.33E+02	8.74E+00
6.1	2.12E+02	3.10E+00	4.6	1.30E+02	8.98E+00
6.1	2.12E+02	3.08E+00	4.6	1.39E+02	8.81E+00
6.2	2.16E+02	3.07E+00	4.7	1.39E+02	8.76E+00
6.3	2.13E+02	3.04E+00	4.8	1.39E+02	8.39E+00
6.3	2.12E+02	2.98E+00	4.8	1.50E+02	8.34E+00
6.4	2.13E+02	2.97E+00	4.9	1.30E+02	8.21E+00
6.5	2.10E+02	2.92E+00	5	1.34E+02	7.92E+00
6.5	2.14E+02	2.94E+00	5	1.45E+02	8.05E+00
6.6	2.17E+02	2.89E+00	5.1	1.41E+02	7.87E+00
6.7	2.12E+02	2.87E+00	5.2	1.34E+02	7.80E+00
6.7	2.09E+02	2.88E+00	5.2	1.37E+02	7.66E+00
6.8	2.12E+02	2.82E+00	5.3	1.24E+02	7.41E+00
6.9	2.13E+02	2.83E+00	5.4	1.22E+02	7.26E+00
6.9	2.15E+02	2.80E+00	5.4	1.26E+02	7.13E+00
7	2.11E+02	2.78E+00	5.5	1.27E+02	7.21E+00
7.1	2.11E+02	2.75E+00	5.6	1.22E+02	6.94E+00
7.1	2.12E+02	2.75E+00	5.6	1.30E+02	7.11E+00
7.2	2.13E+02	2.71E+00	5.7	1.17E+02	6.82E+00
7.3	2.12E+02	2.71E+00	5.8	1.26E+02	6.84E+00
7.3	2.07E+02	2.69E+00	5.8	1.28E+02	6.76E+00
7.4	2.10E+02	2.67E+00	5.9	1.31E+02	6.67E+00
7.5	2.10E+02	2.68E+00	6	1.28E+02	6.70E+00
7.5	2.09E+02	2.64E+00	6	1.30E+02	6.55E+00
7.6	2.07E+02	2.60E+00	6.1	1.23E+02	6.41E+00
7.7	2.10E+02	2.59E+00	6.2	1.35E+02	6.40E+00
7.7	2.05E+02	2.58E+00	6.2	1.34E+02	6.46E+00
7.8	2.13E+02	2.57E+00	6.3	1.24E+02	6.23E+00
7.9	2.11E+02	2.54E+00	6.4	1.29E+02	6.12E+00
7.9	2.10E+02	2.53E+00	6.4	1.36E+02	6.27E+00
8	2.07E+02	2.47E+00	6.5	1.29E+02	6.04E+00
8.1	2.09E+02	2.51E+00	6.5	1.28E+02	6.09E+00
8.1	2.08E+02	2.46E+00	6.6	1.22E+02	5.90E+00
8.2	2.07E+02	2.47E+00	6.7	1.29E+02	5.93E+00
8.2	2.12E+02	2.45E+00	6.7	1.30E+02	5.91E+00
8.3	2.06E+02	2.43E+00	6.8	1.35E+02	5.84E+00
8.4	2.10E+02	2.45E+00	6.9	1.32E+02	5.91E+00
8.4	2.07E+02	2.41E+00	6.9	1.25E+02	5.75E+00
8.5	2.11E+02	2.41E+00	7	1.23E+02	5.69E+00
8.6	2.11E+02	2.39E+00	7.1	1.24E+02	5.62E+00
8.6	2.11E+02	2.40E+00	7.1	1.12E+02	5.47E+00
8.7	2.05E+02	2.37E+00	7.2	1.28E+02	5.59E+00
8.8	2.04E+02	2.35E+00	7.3	1.24E+02	5.44E+00
8.8	2.09E+02	2.35E+00	7.3	1.30E+02	5.62E+00
8.9	2.06E+02	2.32E+00	7.4	1.35E+02	5.47E+00
9	2.06E+02	2.31E+00	7.5	1.20E+02	5.44E+00
9	2.06E+02	2.29E+00	7.5	1.29E+02	5.33E+00
9.1	2.07E+02	2.31E+00	7.6	1.32E+02	5.43E+00
9.2	2.05E+02	2.26E+00	7.7	1.28E+02	5.32E+00
9.2	2.06E+02	2.27E+00	7.7	1.27E+02	5.22E+00
9.3	2.08E+02	2.27E+00	7.8	1.25E+02	5.19E+00
9.4	2.06E+02	2.23E+00	7.9	1.36E+02	5.25E+00
9.4	2.05E+02	2.25E+00	7.9	1.35E+02	5.21E+00
9.5	2.06E+02	2.23E+00	8	1.21E+02	5.03E+00
9.6	2.04E+02	2.22E+00	8.1	1.23E+02	5.10E+00
9.6	2.05E+02	2.19E+00	8.1	1.26E+02	5.00E+00
9.7	2.03E+02	2.20E+00	8.2	1.26E+02	4.95E+00
9.8	2.11E+02	2.19E+00	8.3	1.19E+02	4.92E+00
9.8	2.05E+02	2.17E+00	8.3	1.23E+02	4.88E+00
9.9	2.07E+02	2.16E+00	8.4	1.29E+02	5.02E+00
10	2.04E+02	2.15E+00	8.5	1.22E+02	4.83E+00
10	2.06E+02	2.14E+00	8.5	1.28E+02	4.88E+00
10.1	2.06E+02	2.13E+00	8.6	1.21E+02	4.79E+00
10.2	2.04E+02	2.13E+00	8.7	1.29E+02	4.84E+00
10.2	2.06E+02	2.11E+00	8.7	1.28E+02	4.80E+00
10.3	2.04E+02	2.10E+00	8.8	1.27E+02	4.73E+00
10.4	2.03E+02	2.10E+00	8.9	1.17E+02	4.70E+00
10.4	2.04E+02	2.10E+00	8.9	1.19E+02	4.62E+00
10.5	2.05E+02	2.10E+00	9	1.16E+02	4.68E+00
10.6	2.07E+02	2.07E+00	9.1	1.23E+02	4.58E+00
10.6	2.08E+02	2.09E+00	9.1	1.33E+02	4.67E+00
10.7	2.04E+02	2.06E+00	9.2	1.30E+02	4.63E+00
10.8	2.10E+02	2.06E+00	9.2	1.23E+02	4.52E+00
10.8	2.07E+02	2.06E+00	9.3	1.21E+02	4.56E+00
10.9	2.05E+02	2.14E+00	9.4	1.17E+02	4.49E+00
10.9	2.11E+02	2.17E+00	9.4	1.29E+02	4.81E+00
11	2.07E+02	2.18E+00	9.5	1.30E+02	4.74E+00
11.1	2.07E+02	2.16E+00	9.6	1.14E+02	4.62E+00
11.1	2.04E+02	2.10E+00	9.6	1.16E+02	4.48E+00
11.2	2.03E+02	2.07E+00	9.7	1.21E+02	4.38E+00
11.3	2.06E+02	2.08E+00	9.8	1.18E+02	4.36E+00
11.3	2.06E+02	2.08E+00	9.8	1.21E+02	4.32E+00
11.4	1.99E+02	2.08E+00	9.9	1.31E+02	4.40E+00
11.5	2.04E+02	2.11E+00	10	1.21E+02	4.26E+00
11.5	2.00E+02	2.11E+00	10	1.17E+02	4.28E+00
11.6	2.02E+02	2.11E+00	10.1	1.16E+02	4.20E+00
11.7	2.01E+02	2.12E+00	10.2	1.27E+02	4.32E+00
11.7	1.99E+02	2.13E+00	10.2	1.22E+02	4.27E+00
11.8	2.03E+02	2.12E+00	10.3	1.23E+02	4.18E+00
11.9	2.04E+02	2.11E+00	10.4	1.21E+02	4.24E+00
11.9	2.01E+02	2.13E+00	10.4	1.23E+02	4.21E+00
12	2.03E+02	2.13E+00	10.5	1.25E+02	4.27E+00
12.1	2.00E+02	2.14E+00	10.6	1.21E+02	4.20E+00
12.1	1.94E+02	2.14E+00	10.6	1.18E+02	4.23E+00
12.2	2.01E+02	2.14E+00	10.7	1.21E+02	4.24E+00
12.3	1.98E+02	2.14E+00	10.8	1.17E+02	4.22E+00
12.3	2.01E+02	2.15E+00	10.8	1.16E+02	4.25E+00
12.4	1.99E+02	2.14E+00	10.9	1.26E+02	4.34E+00
12.5	2.00E+02	2.15E+00	11	1.20E+02	4.37E+00
12.5	2.01E+02	2.14E+00	11	1.21E+02	4.28E+00
12.6	1.99E+02	2.15E+00	11.1	1.13E+02	4.33E+00
12.7	2.00E+02	2.14E+00	11.2	1.18E+02	4.32E+00
12.7	1.98E+02	2.14E+00	11.2	1.24E+02	4.38E+00
12.8	1.95E+02	2.14E+00	11.3	1.24E+02	4.39E+00
12.9	1.94E+02	2.12E+00	11.4	1.27E+02	4.43E+00
12.9	1.99E+02	2.16E+00	11.4	1.22E+02	4.40E+00
13	2.03E+02	2.15E+00	11.5	1.23E+02	4.35E+00
13.1	1.96E+02	2.15E+00	11.6	1.23E+02	4.43E+00
13.1	1.96E+02	2.16E+00	11.6	1.20E+02	4.38E+00
13.2	1.97E+02	2.14E+00	11.7	1.26E+02	4.49E+00
13.3	1.94E+02	2.15E+00	11.8	1.21E+02	4.46E+00
13.3	1.97E+02	2.15E+00	11.8	1.26E+02	4.47E+00
13.4	1.96E+02	2.16E+00	11.9	1.24E+02	4.48E+00
13.5	1.93E+02	2.15E+00	11.9	1.16E+02	4.41E+00
13.5	1.91E+02	2.14E+00	12	1.23E+02	4.50E+00
13.6	1.95E+02	2.14E+00	12.1	1.24E+02	4.44E+00
13.6	1.91E+02	2.16E+00	12.1	1.15E+02	4.47E+00
13.7	1.90E+02	2.14E+00	12.2	1.18E+02	4.37E+00
13.8	1.93E+02	2.17E+00	12.3	1.21E+02	4.53E+00
13.8	1.88E+02	2.13E+00	12.3	1.25E+02	4.48E+00
13.9	1.90E+02	2.15E+00	12.4	1.17E+02	4.46E+00
14	1.92E+02	2.14E+00	12.5	1.15E+02	4.48E+00
14	1.91E+02	2.17E+00	12.5	1.13E+02	4.38E+00
14.1	1.89E+02	2.13E+00	12.6	1.28E+02	4.60E+00
14.2	1.87E+02	2.14E+00	12.7	1.09E+02	4.34E+00
14.2	1.85E+02	2.12E+00	12.7	1.20E+02	4.49E+00
14.3	1.91E+02	2.14E+00	12.8	1.21E+02	4.44E+00
14.4	1.89E+02	2.14E+00	12.9	1.13E+02	4.46E+00
14.4	1.86E+02	2.14E+00	12.9	1.17E+02	4.48E+00
14.5	1.89E+02	2.14E+00	13	1.14E+02	4.47E+00
14.6	1.89E+02	2.14E+00	13.1	1.22E+02	4.52E+00
14.6	1.87E+02	2.15E+00	13.1	1.13E+02	4.41E+00
14.7	1.84E+02	2.12E+00	13.2	1.20E+02	4.54E+00
14.8	1.86E+02	2.15E+00	13.3	1.13E+02	4.43E+00
14.8	1.86E+02	2.13E+00	13.3	1.25E+02	4.60E+00
14.9	1.83E+02	2.13E+00	13.4	1.21E+02	4.48E+00
15	1.87E+02	2.14E+00	13.5	1.16E+02	4.47E+00
15	1.84E+02	2.14E+00	13.5	1.27E+02	4.59E+00
15.1	1.83E+02	2.14E+00	13.6	1.14E+02	4.45E+00
15.2	1.88E+02	2.15E+00	13.7	1.15E+02	4.48E+00
15.2	1.83E+02	2.14E+00	13.7	1.13E+02	4.41E+00
15.3	1.86E+02	2.15E+00	13.8	1.15E+02	4.50E+00
15.4	1.84E+02	2.12E+00	13.9	1.17E+02	4.46E+00
15.4	1.85E+02	2.16E+00	13.9	1.12E+02	4.50E+00
15.5	1.82E+02	2.12E+00	14	1.25E+02	4.54E+00
15.6	1.81E+02	2.11E+00	14.1	1.16E+02	4.54E+00
15.6	1.83E+02	2.14E+00	14.1	1.10E+02	4.45E+00
15.7	1.80E+02	2.13E+00	14.2	1.11E+02	4.44E+00
15.8	1.80E+02	2.11E+00	14.3	1.18E+02	4.45E+00
15.8	1.81E+02	2.14E+00	14.3	1.12E+02	4.46E+00
15.9	1.82E+02	2.14E+00	14.4	1.17E+02	4.55E+00
16	1.77E+02	2.12E+00	14.5	1.09E+02	4.42E+00
16	1.83E+02	2.13E+00	14.5	1.16E+02	4.53E+00
16.1	1.79E+02	2.11E+00	14.6	1.17E+02	4.48E+00
16.2	1.81E+02	2.14E+00	14.7	1.22E+02	4.55E+00
16.2	1.78E+02	2.12E+00	14.7	1.14E+02	4.47E+00
16.3	1.81E+02	2.11E+00	14.8	1.15E+02	4.49E+00
16.3	1.83E+02	2.13E+00	14.8	1.09E+02	4.45E+00
16.4	1.78E+02	2.12E+00	14.9	1.12E+02	4.45E+00
16.5	1.81E+02	2.10E+00	15	1.21E+02	4.57E+00
16.5	1.84E+02	2.11E+00	15	1.09E+02	4.39E+00
16.6	1.77E+02	2.10E+00	15.1	1.15E+02	4.52E+00
16.7	1.79E+02	2.12E+00	15.2	1.16E+02	4.59E+00
16.7	1.77E+02	2.12E+00	15.2	1.17E+02	4.51E+00
16.8	1.79E+02	2.13E+00	15.3	1.21E+02	4.55E+00
16.9	1.79E+02	2.12E+00	15.4	1.12E+02	4.47E+00
16.9	1.79E+02	2.11E+00	15.4	1.19E+02	4.54E+00
17	1.77E+02	2.11E+00	15.5	1.18E+02	4.53E+00
17.1	1.77E+02	2.11E+00	15.6	1.23E+02	4.56E+00
17.1	1.76E+02	2.11E+00	15.6	1.08E+02	4.41E+00
17.2	1.83E+02	2.13E+00	15.7	1.11E+02	4.43E+00
17.3	1.76E+02	2.12E+00	15.8	1.12E+02	4.48E+00
17.3	1.77E+02	2.11E+00	15.8	1.10E+02	4.46E+00
17.4	1.76E+02	2.11E+00	15.9	1.15E+02	4.55E+00
17.5	1.77E+02	2.11E+00	16	1.06E+02	4.43E+00
17.5	1.78E+02	2.11E+00	16	1.14E+02	4.44E+00
17.6	1.76E+02	2.12E+00	16.1	1.12E+02	4.49E+00
17.7	1.75E+02	2.09E+00	16.2	1.16E+02	4.52E+00
17.7	1.80E+02	2.10E+00	16.2	1.10E+02	4.38E+00
17.8	1.76E+02	2.13E+00	16.3	1.06E+02	4.41E+00
17.9	1.75E+02	2.11E+00	16.4	1.06E+02	4.40E+00
17.9	1.76E+02	2.13E+00	16.4	1.13E+02	4.46E+00
18	1.78E+02	2.10E+00	16.5	1.18E+02	4.54E+00
18.1	1.78E+02	2.12E+00	16.6	1.24E+02	4.63E+00
18.1	1.79E+02	2.12E+00	16.6	1.13E+02	4.46E+00
18.2	1.74E+02	2.11E+00	16.7	1.22E+02	4.55E+00
18.3	1.75E+02	2.11E+00	16.8	1.20E+02	4.52E+00
18.3	1.78E+02	2.13E+00	16.8	1.13E+02	4.51E+00
18.4	1.77E+02	2.11E+00	16.9	1.15E+02	4.49E+00
18.5	1.79E+02	2.12E+00	17	1.09E+02	4.47E+00
18.5	1.81E+02	2.10E+00	17	1.11E+02	4.43E+00
18.6	1.78E+02	2.11E+00	17.1	1.10E+02	4.43E+00
18.7	1.77E+02	2.11E+00	17.2	1.16E+02	4.51E+00
18.7	1.78E+02	2.12E+00	17.2	1.15E+02	4.48E+00
18.8	1.78E+02	2.10E+00	17.3	1.07E+02	4.48E+00
18.9	1.70E+02	2.11E+00	17.4	1.21E+02	4.62E+00
18.9	1.75E+02	2.13E+00	17.4	1.12E+02	4.50E+00
19	1.78E+02	2.11E+00	17.5	1.11E+02	4.49E+00
19	1.79E+02	2.12E+00	17.5	1.24E+02	4.61E+00
19.1	1.78E+02	2.13E+00	17.6	1.12E+02	4.49E+00
19.2	1.81E+02	2.13E+00	17.7	1.07E+02	4.44E+00
19.2	1.73E+02	2.14E+00	17.7	1.05E+02	4.37E+00
19.3	1.79E+02	2.14E+00	17.8	1.12E+02	4.47E+00
19.4	1.76E+02	2.14E+00	17.9	1.14E+02	4.53E+00
19.4	1.80E+02	2.14E+00	17.9	1.07E+02	4.47E+00
19.5	1.78E+02	2.13E+00	18	1.16E+02	4.55E+00
19.6	1.75E+02	2.12E+00	18.1	1.13E+02	4.49E+00
19.6	1.78E+02	2.14E+00	18.1	1.12E+02	4.49E+00
19.7	1.82E+02	2.15E+00	18.2	1.19E+02	4.53E+00
19.8	1.80E+02	2.15E+00	18.3	1.06E+02	4.45E+00
19.8	1.80E+02	2.14E+00	18.3	1.19E+02	4.58E+00
19.9	1.80E+02	2.14E+00	18.4	1.10E+02	4.45E+00
20	1.82E+02	2.14E+00	18.5	1.19E+02	4.55E+00
20	1.80E+02	2.13E+00	18.5	1.13E+02	4.50E+00
20.1	1.81E+02	2.14E+00	18.6	1.10E+02	4.52E+00
20.2	1.82E+02	2.17E+00	18.7	1.06E+02	4.53E+00
20.2	1.80E+02	2.15E+00	18.7	1.11E+02	4.43E+00
20.3	1.82E+02	2.15E+00	18.8	1.15E+02	4.52E+00
20.4	1.77E+02	2.14E+00	18.9	1.10E+02	4.47E+00
20.4	1.81E+02	2.15E+00	18.9	1.16E+02	4.54E+00
20.5	1.79E+02	2.15E+00	19	1.12E+02	4.51E+00
20.6	1.86E+02	2.17E+00	19.1	1.16E+02	4.54E+00
20.6	1.82E+02	2.17E+00	19.1	1.12E+02	4.49E+00
20.7	1.83E+02	2.15E+00	19.2	1.13E+02	4.50E+00
20.8	1.82E+02	2.15E+00	19.3	1.13E+02	4.53E+00
20.8	1.80E+02	2.15E+00	19.3	1.13E+02	4.55E+00
20.9	1.83E+02	2.15E+00	19.4	1.13E+02	4.51E+00
21	1.80E+02	2.16E+00	19.5	1.20E+02	4.54E+00
21	1.82E+02	2.15E+00	19.5	1.13E+02	4.49E+00
21.1	1.81E+02	2.16E+00	19.6	1.17E+02	4.54E+00
21.2	1.82E+02	2.16E+00	19.7	1.19E+02	4.54E+00
21.2	1.82E+02	2.14E+00	19.7	1.20E+02	4.55E+00
21.3	1.84E+02	2.14E+00	19.8	1.12E+02	4.49E+00
21.4	1.80E+02	2.15E+00	19.9	1.13E+02	4.50E+00
21.4	1.82E+02	2.15E+00	19.9	1.19E+02	4.54E+00
21.5	1.82E+02	2.15E+00	20	1.12E+02	4.45E+00
21.6	1.83E+02	2.15E+00	20.1	1.10E+02	4.48E+00
21.6	1.74E+02	2.13E+00	20.1	1.14E+02	4.38E+00
21.7	1.81E+02	2.14E+00	20.2	1.07E+02	4.25E+00
21.7	1.81E+02	2.14E+00	20.2	1.15E+02	4.25E+00
21.8	1.81E+02	2.14E+00	20.3	1.16E+02	4.17E+00
21.9	1.80E+02	2.16E+00	20.4	1.21E+02	4.22E+00
21.9	1.80E+02	2.14E+00	20.4	1.16E+02	4.16E+00
22	1.78E+02	2.14E+00	20.5	1.14E+02	4.08E+00
22.1	1.79E+02	2.13E+00	20.6	1.18E+02	4.10E+00
22.1	1.83E+02	2.14E+00	20.6	1.12E+02	4.02E+00
22.2	1.80E+02	2.15E+00	20.7	1.20E+02	3.98E+00
22.3	1.84E+02	2.14E+00	20.8	1.18E+02	3.97E+00
22.3	1.79E+02	2.13E+00	20.8	1.22E+02	3.93E+00
22.4	1.84E+02	2.14E+00	20.9	1.19E+02	3.90E+00
22.5	1.76E+02	2.13E+00	21	1.17E+02	3.83E+00
22.5	1.75E+02	2.13E+00	21	1.19E+02	3.83E+00
22.6	1.78E+02	2.13E+00	21.1	1.16E+02	3.74E+00
22.7	1.83E+02	2.13E+00	21.2	1.17E+02	3.74E+00
22.7	1.81E+02	2.12E+00	21.2	1.25E+02	3.76E+00
22.8	1.80E+02	2.14E+00	21.3	1.17E+02	3.74E+00
22.9	1.74E+02	2.11E+00	21.4	1.19E+02	3.69E+00
22.9	1.75E+02	2.11E+00	21.4	1.19E+02	3.61E+00
23	1.78E+02	2.12E+00	21.5	1.22E+02	3.66E+00
23.1	1.79E+02	2.14E+00	21.6	1.23E+02	3.65E+00
23.1	1.80E+02	2.12E+00	21.6	1.16E+02	3.60E+00
23.2	1.76E+02	2.11E+00	21.7	1.29E+02	3.60E+00
23.3	1.70E+02	2.10E+00	21.8	1.20E+02	3.51E+00
23.3	1.73E+02	2.10E+00	21.8	1.30E+02	3.60E+00
23.4	1.76E+02	2.11E+00	21.9	1.20E+02	3.46E+00
23.5	1.75E+02	2.12E+00	22	1.22E+02	3.47E+00
23.5	1.74E+02	2.13E+00	22	1.22E+02	3.48E+00
23.6	1.75E+02	2.10E+00	22.1	1.28E+02	3.47E+00
23.7	1.75E+02	2.12E+00	22.2	1.20E+02	3.37E+00
23.7	1.76E+02	2.11E+00	22.2	1.32E+02	3.47E+00
23.8	1.73E+02	2.10E+00	22.3	1.22E+02	3.37E+00
23.9	1.76E+02	2.10E+00	22.4	1.25E+02	3.32E+00
23.9	1.74E+02	2.11E+00	22.4	1.29E+02	3.40E+00
24	1.78E+02	2.30E+00	22.5	1.22E+02	3.68E+00
24.1	1.71E+02	2.40E+00	22.6	1.32E+02	3.89E+00
24.1	1.78E+02	2.49E+00	22.6	1.26E+02	3.87E+00
24.2	1.74E+02	2.59E+00	22.7	1.32E+02	3.97E+00
24.3	1.73E+02	2.69E+00	22.8	1.27E+02	4.04E+00
24.3	1.73E+02	2.74E+00	22.8	1.28E+02	4.08E+00
24.4	1.70E+02	2.83E+00	22.9	1.29E+02	4.13E+00
24.4	1.74E+02	2.93E+00	22.9	1.27E+02	4.13E+00
24.5	1.77E+02	3.01E+00	23	1.25E+02	4.18E+00
24.6	1.72E+02	3.10E+00	23.1	1.30E+02	4.20E+00
24.6	1.72E+02	3.16E+00	23.1	1.25E+02	4.25E+00
24.7	1.69E+02	3.29E+00	23.2	1.30E+02	4.27E+00
24.8	1.80E+02	3.41E+00	23.3	1.26E+02	4.35E+00
24.8	1.67E+02	3.49E+00	23.3	1.30E+02	4.37E+00
24.9	1.70E+02	3.61E+00	23.4	1.27E+02	4.39E+00
25	1.67E+02	3.72E+00	23.5	1.32E+02	4.48E+00
25	1.75E+02	3.96E+00	23.5	1.32E+02	4.50E+00
25.1	1.66E+02	4.09E+00	23.6	1.32E+02	4.49E+00
25.2	1.73E+02	4.27E+00	23.7	1.37E+02	4.62E+00
25.2	1.69E+02	4.49E+00	23.7	1.29E+02	4.54E+00
25.3	1.76E+02	4.76E+00	23.8	1.26E+02	4.54E+00
25.4	1.76E+02	5.08E+00	23.9	1.33E+02	4.59E+00
25.4	1.83E+02	5.49E+00	23.9	1.23E+02	4.57E+00
25.5	1.88E+02	5.68E+00	24	1.28E+02	4.64E+00
25.6	1.87E+02	6.43E+00	24.1	1.35E+02	4.71E+00
25.6	2.32E+02	7.48E+00	24.1	1.32E+02	4.76E+00
25.7	2.27E+02	8.49E+00	24.2	1.38E+02	4.80E+00
25.6	2.30E+02	2.41E+00	24.3	1.39E+02	4.78E+00
25.7	2.29E+02	2.40E+00	24.3	1.42E+02	4.89E+00
25.8	2.26E+02	2.41E+00	24.4	1.34E+02	4.83E+00
25.8	2.25E+02	2.40E+00	24.5	1.31E+02	4.77E+00
25.9	2.27E+02	2.39E+00	24.5	1.26E+02	4.87E+00
26	2.24E+02	2.39E+00	24.6	1.30E+02	4.86E+00
26	2.25E+02	2.37E+00	24.7	1.37E+02	4.89E+00
26.1	2.22E+02	2.35E+00	24.7	1.30E+02	4.85E+00
26.2	2.17E+02	2.36E+00	24.8	1.23E+02	4.79E+00
26.2	2.16E+02	2.35E+00	24.9	1.31E+02	4.85E+00
26.3	2.11E+02	2.33E+00	24.9	1.29E+02	4.82E+00
26.4	2.16E+02	2.36E+00	25	1.27E+02	4.77E+00
26.4	2.11E+02	2.33E+00	25.1	1.32E+02	4.82E+00
26.5	2.15E+02	2.33E+00	25.1	1.24E+02	4.72E+00
26.5	2.13E+02	2.32E+00	25.2	1.25E+02	4.72E+00
26.6	2.10E+02	2.31E+00	25.3	1.32E+02	4.80E+00
26.7	2.07E+02	2.28E+00	25.3	1.29E+02	4.76E+00
26.7	2.06E+02	2.28E+00	25.4	1.29E+02	4.72E+00
26.8	2.09E+02	2.27E+00	25.5	1.29E+02	4.81E+00
26.9	2.06E+02	2.26E+00	25.5	1.25E+02	4.76E+00
26.9	2.06E+02	2.26E+00	25.6	1.20E+02	4.71E+00
27	1.97E+02	2.25E+00	25.6	1.26E+02	4.73E+00
27.1	2.00E+02	2.25E+00	25.7	1.25E+02	4.75E+00
27.1	1.95E+02	2.24E+00	25.8	1.24E+02	4.72E+00
27.2	1.97E+02	2.21E+00	25.8	1.24E+02	4.71E+00
27.3	1.93E+02	2.21E+00	25.9	1.18E+02	4.64E+00
27.3	1.92E+02	2.22E+00	26	1.24E+02	4.75E+00
27.4	1.88E+02	2.19E+00	26	1.29E+02	4.80E+00
27.5	1.89E+02	2.17E+00	26.1	1.14E+02	4.52E+00
27.5	1.88E+02	2.17E+00	26.2	1.19E+02	4.69E+00
27.6	1.88E+02	2.18E+00	26.2	1.24E+02	4.68E+00
27.7	1.88E+02	2.19E+00	26.3	1.17E+02	4.61E+00
27.7	1.83E+02	2.17E+00	26.4	1.21E+02	4.65E+00
27.8	1.85E+02	2.18E+00	26.4	1.18E+02	4.61E+00
27.9	1.83E+02	2.14E+00	26.5	1.16E+02	4.57E+00
27.9	1.81E+02	2.13E+00	26.6	1.16E+02	4.63E+00
28	1.78E+02	2.13E+00	26.6	1.16E+02	4.57E+00
28.1	1.77E+02	2.13E+00	26.7	1.21E+02	4.59E+00
28.1	1.78E+02	2.12E+00	26.8	1.18E+02	4.58E+00
28.2	1.77E+02	2.10E+00	26.8	1.18E+02	4.52E+00
28.3	1.76E+02	2.10E+00	26.9	1.21E+02	4.65E+00
28.3	1.78E+02	2.10E+00	27	1.14E+02	4.52E+00
28.4	1.76E+02	2.09E+00	27	1.11E+02	4.45E+00
28.5	1.71E+02	2.10E+00	27.1	1.20E+02	4.61E+00
28.5	1.74E+02	2.10E+00	27.2	1.17E+02	4.54E+00
28.6	1.70E+02	2.07E+00	27.2	1.11E+02	4.51E+00
28.7	1.73E+02	2.07E+00	27.3	1.15E+02	4.57E+00
28.7	1.68E+02	2.08E+00	27.4	1.17E+02	4.54E+00
28.8	1.65E+02	2.06E+00	27.4	1.18E+02	4.65E+00
28.9	1.70E+02	2.07E+00	27.5	1.21E+02	4.68E+00
28.9	1.69E+02	2.08E+00	27.6	1.16E+02	4.57E+00
29	1.68E+02	2.14E+00	27.6	1.16E+02	4.65E+00
29.1	1.66E+02	2.14E+00	27.7	1.15E+02	4.56E+00
29.1	1.68E+02	2.17E+00	27.8	1.14E+02	4.44E+00
29.2	1.70E+02	2.16E+00	27.8	1.07E+02	4.45E+00
29.3	1.66E+02	2.06E+00	27.9	1.10E+02	4.47E+00
29.3	1.68E+02	2.05E+00	28	1.11E+02	4.53E+00
29.4	1.69E+02	2.05E+00	28	1.06E+02	4.39E+00
29.4	1.68E+02	2.06E+00	28.1	1.13E+02	4.47E+00
29.5	1.67E+02	2.06E+00	28.2	1.16E+02	4.54E+00
29.6	1.65E+02	2.03E+00	28.2	1.16E+02	4.55E+00
29.6	1.70E+02	2.06E+00	28.3	1.04E+02	4.39E+00
29.7	1.70E+02	2.04E+00	28.3	1.15E+02	4.53E+00
29.8	1.68E+02	2.05E+00	28.4	1.17E+02	4.52E+00
29.8	1.69E+02	2.07E+00	28.5	1.16E+02	4.53E+00
29.9	1.72E+02	2.05E+00	28.5	1.07E+02	4.43E+00
30	1.68E+02	2.06E+00	28.6	1.06E+02	4.40E+00
30	1.66E+02	2.06E+00	28.7	1.15E+02	4.51E+00
30.1	1.70E+02	2.05E+00	28.7	1.05E+02	4.42E+00
30.2	1.69E+02	2.05E+00	28.8	1.12E+02	4.48E+00
30.2	1.67E+02	2.05E+00	28.9	1.17E+02	4.57E+00
30.3	1.69E+02	2.06E+00	28.9	1.15E+02	4.50E+00
30.4	1.68E+02	2.05E+00	29	1.13E+02	4.52E+00
30.4	1.69E+02	2.07E+00	29.1	1.03E+02	4.42E+00
30.5	1.67E+02	2.05E+00	29.1	1.09E+02	4.42E+00
30.6	1.71E+02	2.05E+00	29.2	1.15E+02	4.51E+00
30.6	1.65E+02	2.05E+00	29.3	1.17E+02	4.52E+00
30.7	1.71E+02	2.08E+00	29.3	1.14E+02	4.54E+00
30.8	1.71E+02	2.07E+00	29.4	1.15E+02	4.50E+00
30.8	1.70E+02	2.07E+00	29.5	1.14E+02	4.52E+00
30.9	1.67E+02	2.05E+00	29.5	1.14E+02	4.48E+00
31	1.66E+02	2.04E+00	29.6	1.10E+02	4.51E+00
31	1.71E+02	2.05E+00	29.7	1.11E+02	4.52E+00
31.1	1.72E+02	2.07E+00	29.7	1.12E+02	4.45E+00
31.2	1.68E+02	2.06E+00	29.8	1.11E+02	4.48E+00
31.2	1.66E+02	2.05E+00	29.9	1.17E+02	4.55E+00
31.3	1.67E+02	2.06E+00	29.9	1.15E+02	4.51E+00
31.4	1.71E+02	2.06E+00	30	1.14E+02	4.53E+00
31.4	1.66E+02	2.04E+00	30.1	1.11E+02	4.48E+00
31.5	1.65E+02	2.06E+00	30.1	1.21E+02	4.61E+00
31.6	1.70E+02	2.06E+00	30.2	1.16E+02	4.58E+00
31.6	1.69E+02	2.05E+00	30.3	1.13E+02	4.55E+00
31.7	1.68E+02	2.05E+00	30.3	1.20E+02	4.60E+00
31.8	1.67E+02	2.04E+00	30.4	1.09E+02	4.38E+00
31.8	1.70E+02	2.06E+00	30.5	1.18E+02	4.56E+00
31.9	1.70E+02	2.06E+00	30.5	1.11E+02	4.51E+00
32	1.68E+02	2.06E+00	30.6	1.14E+02	4.52E+00
32	1.72E+02	2.07E+00	30.7	1.13E+02	4.52E+00
32.1	1.70E+02	2.07E+00	30.7	1.07E+02	4.42E+00
32.1	1.72E+02	2.07E+00	30.8	1.15E+02	4.48E+00
32.2	1.65E+02	2.04E+00	30.9	1.13E+02	4.55E+00
32.3	1.70E+02	2.07E+00	30.9	1.09E+02	4.48E+00
32.3	1.67E+02	2.06E+00	31	1.10E+02	4.48E+00
32.4	1.70E+02	2.07E+00	31	1.11E+02	4.46E+00
32.5	1.70E+02	2.06E+00	31.1	1.08E+02	4.42E+00
32.5	1.70E+02	2.05E+00	31.2	1.13E+02	4.51E+00
32.6	1.70E+02	2.06E+00	31.2	1.26E+02	4.71E+00
32.7	1.71E+02	2.06E+00	31.3	1.25E+02	4.60E+00
32.7	1.70E+02	2.07E+00	31.4	1.12E+02	4.45E+00
32.8	1.68E+02	2.07E+00	31.4	1.16E+02	4.54E+00
32.9	1.70E+02	2.05E+00	31.5	1.15E+02	4.53E+00
32.9	1.75E+02	2.07E+00	31.6	1.10E+02	4.52E+00
33	1.72E+02	2.05E+00	31.6	1.11E+02	4.53E+00
33.1	1.69E+02	2.06E+00	31.7	1.08E+02	4.48E+00
33.1	1.74E+02	2.06E+00	31.8	1.16E+02	4.57E+00
33.2	1.69E+02	2.06E+00	31.8	1.14E+02	4.48E+00
33.3	1.69E+02	2.07E+00	31.9	1.18E+02	4.53E+00
33.3	1.69E+02	2.06E+00	32	1.12E+02	4.44E+00
33.4	1.73E+02	2.08E+00	32	1.13E+02	4.56E+00
33.5	1.70E+02	2.05E+00	32.1	1.25E+02	4.66E+00
33.5	1.67E+02	2.05E+00	32.2	1.18E+02	4.56E+00
33.6	1.72E+02	2.07E+00	32.2	1.10E+02	4.51E+00
33.7	1.70E+02	2.06E+00	32.3	1.15E+02	4.57E+00
33.7	1.71E+02	2.08E+00	32.4	1.14E+02	4.56E+00
33.8	1.71E+02	2.05E+00	32.4	1.23E+02	4.60E+00
33.9	1.68E+02	2.05E+00	32.5	1.14E+02	4.55E+00
33.9	1.69E+02	2.07E+00	32.6	1.11E+02	4.51E+00
34	1.71E+02	2.06E+00	32.6	1.09E+02	4.44E+00
34.1	1.72E+02	2.07E+00	32.7	1.13E+02	4.49E+00
34.1	1.70E+02	2.05E+00	32.8	1.13E+02	4.45E+00
34.2	1.72E+02	2.07E+00	32.8	1.17E+02	4.51E+00
34.3	1.68E+02	2.06E+00	32.9	1.14E+02	4.54E+00
34.3	1.67E+02	2.07E+00	33	1.11E+02	4.48E+00
34.4	1.73E+02	2.06E+00	33	1.17E+02	4.61E+00
34.5	1.68E+02	2.05E+00	33.1	1.10E+02	4.50E+00
34.5	1.70E+02	2.06E+00	33.2	1.09E+02	4.53E+00
34.6	1.69E+02	2.06E+00	33.2	1.14E+02	4.54E+00
34.7	1.70E+02	2.07E+00	33.3	1.18E+02	4.57E+00
34.7	1.68E+02	2.07E+00	33.4	1.23E+02	4.65E+00
34.8	1.69E+02	2.05E+00	33.4	1.22E+02	4.63E+00
34.8	1.72E+02	2.07E+00	33.5	1.15E+02	4.52E+00
34.9	1.74E+02	2.07E+00	33.6	1.19E+02	4.64E+00
35	1.71E+02	2.07E+00	33.6	1.18E+02	4.59E+00
35	1.68E+02	2.06E+00	33.7	1.28E+02	4.63E+00
35.1	1.69E+02	2.07E+00	33.7	1.11E+02	4.46E+00
35.2	1.71E+02	2.07E+00	33.8	1.04E+02	4.45E+00
35.2	1.74E+02	2.05E+00	33.9	1.17E+02	4.51E+00
35.3	1.70E+02	2.08E+00	33.9	1.19E+02	4.61E+00
35.4	1.64E+02	2.08E+00	34	1.11E+02	4.54E+00
35.4	1.74E+02	2.06E+00	34.1	1.11E+02	4.49E+00
35.5	1.72E+02	2.06E+00	34.1	1.21E+02	4.55E+00
35.6	1.67E+02	2.06E+00	34.2	1.26E+02	4.68E+00
35.6	1.69E+02	2.08E+00	34.3	1.16E+02	4.56E+00
35.7	1.73E+02	2.07E+00	34.3	1.12E+02	4.55E+00
35.8	1.69E+02	2.06E+00	34.4	1.17E+02	4.56E+00
35.8	1.73E+02	2.09E+00	34.5	1.21E+02	4.65E+00
35.9	1.73E+02	2.06E+00	34.5	1.19E+02	4.59E+00
36	1.72E+02	2.06E+00	34.6	1.11E+02	4.46E+00
36	1.69E+02	2.05E+00	34.7	1.10E+02	4.52E+00
36.1	1.70E+02	2.05E+00	34.7	1.14E+02	4.53E+00
36.2	1.74E+02	2.06E+00	34.8	1.14E+02	4.54E+00
36.2	1.71E+02	2.05E+00	34.9	1.16E+02	4.53E+00
36.3	1.70E+02	2.05E+00	34.9	1.18E+02	4.56E+00
36.4	1.69E+02	2.05E+00	35	1.17E+02	4.60E+00
36.4	1.67E+02	2.06E+00	35.1	1.08E+02	4.42E+00
36.5	1.66E+02	2.05E+00	35.1	1.21E+02	4.59E+00
36.6	1.65E+02	2.04E+00	35.2	1.14E+02	4.55E+00
36.6	1.70E+02	2.06E+00	35.3	1.13E+02	4.55E+00
36.7	1.67E+02	2.06E+00	35.3	1.16E+02	4.49E+00
36.8	1.72E+02	2.05E+00	35.4	1.16E+02	4.50E+00
36.8	1.72E+02	2.05E+00	35.5	1.10E+02	4.54E+00
36.9	1.66E+02	2.03E+00	35.5	1.13E+02	4.52E+00
37	1.68E+02	2.06E+00	35.6	1.11E+02	4.51E+00
37	1.67E+02	2.04E+00	35.7	1.17E+02	4.53E+00
37.1	1.67E+02	2.05E+00	35.7	1.14E+02	4.49E+00
37.2	1.66E+02	2.05E+00	35.8	1.16E+02	4.55E+00
37.2	1.69E+02	2.04E+00	35.9	1.12E+02	4.55E+00
37.3	1.69E+02	2.04E+00	35.9	1.13E+02	4.50E+00
37.4	1.66E+02	2.04E+00	36	1.21E+02	4.61E+00
37.4	1.70E+02	2.06E+00	36.1	1.09E+02	4.50E+00
37.5	1.66E+02	2.05E+00	36.1	1.17E+02	4.59E+00
37.5	1.66E+02	2.05E+00	36.2	1.12E+02	4.52E+00
37.6	1.71E+02	2.05E+00	36.3	1.25E+02	4.61E+00
37.7	1.69E+02	2.05E+00	36.3	1.14E+02	4.55E+00
37.7	1.69E+02	2.04E+00	36.4	1.06E+02	4.46E+00
37.8	1.68E+02	2.05E+00	36.4	1.10E+02	4.50E+00
37.9	1.67E+02	2.07E+00	36.5	1.17E+02	4.52E+00
37.9	1.71E+02	2.05E+00	36.6	1.19E+02	4.63E+00
38	1.70E+02	2.06E+00	36.6	1.03E+02	4.41E+00
38.1	1.67E+02	2.06E+00	36.7	1.14E+02	4.60E+00
38.1	1.69E+02	2.06E+00	36.8	1.20E+02	4.55E+00
38.2	1.67E+02	2.04E+00	36.8	1.12E+02	4.50E+00
38.3	1.70E+02	2.04E+00	36.9	1.20E+02	4.58E+00
38.3	1.66E+02	2.03E+00	37	1.20E+02	4.55E+00
38.4	1.69E+02	2.04E+00	37	1.19E+02	4.59E+00
38.5	1.71E+02	2.04E+00	37.1	1.15E+02	4.49E+00
38.5	1.68E+02	2.04E+00	37.2	1.20E+02	4.57E+00
38.6	1.70E+02	2.03E+00	37.2	1.21E+02	4.61E+00
38.7	1.68E+02	2.04E+00	37.3	1.18E+02	4.55E+00
38.7	1.67E+02	2.03E+00	37.4	1.17E+02	4.58E+00
38.8	1.70E+02	2.03E+00	37.4	1.13E+02	4.53E+00
38.9	1.72E+02	2.05E+00	37.5	1.12E+02	4.50E+00
38.9	1.67E+02	2.04E+00	37.6	1.17E+02	4.55E+00
39	1.65E+02	2.02E+00	37.6	1.16E+02	4.50E+00
39.1	1.67E+02	2.05E+00	37.7	1.11E+02	4.49E+00
39.1	1.74E+02	2.04E+00	37.8	1.07E+02	4.42E+00
39.2	1.66E+02	2.03E+00	37.8	1.15E+02	4.46E+00
39.3	1.68E+02	2.04E+00	37.9	1.12E+02	4.48E+00
39.3	1.67E+02	2.04E+00	38	1.09E+02	4.42E+00
39.4	1.70E+02	2.03E+00	38	1.04E+02	4.38E+00
39.5	1.68E+02	2.03E+00	38.1	1.16E+02	4.55E+00
39.5	1.70E+02	2.03E+00	38.2	1.18E+02	4.50E+00
39.6	1.69E+02	2.03E+00	38.2	1.06E+02	4.39E+00
39.7	1.67E+02	2.03E+00	38.3	1.09E+02	4.41E+00
39.7	1.66E+02	2.02E+00	38.4	1.15E+02	4.54E+00
39.8	1.70E+02	2.01E+00	38.4	1.20E+02	4.49E+00
39.9	1.68E+02	2.01E+00	38.5	1.12E+02	4.39E+00
39.9	1.64E+02	2.01E+00	38.6	1.16E+02	4.46E+00
40	1.68E+02	2.02E+00	38.6	1.16E+02	4.50E+00
40.1	1.67E+02	2.01E+00	38.7	1.11E+02	4.43E+00
40.1	1.68E+02	2.02E+00	38.8	1.17E+02	4.55E+00
40.2	1.64E+02	2.01E+00	38.8	1.10E+02	4.41E+00
40.2	1.67E+02	2.03E+00	38.9	1.16E+02	4.46E+00
40.3	1.61E+02	2.02E+00	39	1.16E+02	4.44E+00
40.4	1.71E+02	2.01E+00	39	1.11E+02	4.45E+00
40.4	1.66E+02	2.01E+00	39.1	1.13E+02	4.43E+00
40.5	1.70E+02	2.02E+00	39.1	1.25E+02	4.59E+00
40.6	1.68E+02	2.03E+00	39.2	1.06E+02	4.38E+00
40.6	1.69E+02	2.02E+00	39.3	1.14E+02	4.49E+00
40.7	1.64E+02	2.01E+00	39.3	1.15E+02	4.50E+00
40.8	1.70E+02	2.01E+00	39.4	1.09E+02	4.45E+00
40.8	1.71E+02	2.01E+00	39.5	1.16E+02	4.53E+00
40.9	1.68E+02	2.00E+00	39.5	1.14E+02	4.50E+00
41	1.67E+02	2.01E+00	39.6	1.13E+02	4.52E+00
41	1.66E+02	2.01E+00	39.7	1.18E+02	4.59E+00
41.1	1.70E+02	2.00E+00	39.7	1.13E+02	4.52E+00
41.2	1.76E+02	2.03E+00	39.8	1.20E+02	4.55E+00
41.2	1.67E+02	2.03E+00	39.9	1.21E+02	4.56E+00
41.3	1.69E+02	2.01E+00	39.9	1.19E+02	4.51E+00
41.4	1.69E+02	2.02E+00	40	1.05E+02	4.40E+00
41.4	1.67E+02	2.00E+00	40.1	1.15E+02	4.49E+00
41.5	1.68E+02	2.03E+00	40.1	1.18E+02	4.54E+00
41.6	1.69E+02	2.03E+00	40.2	1.10E+02	4.44E+00
41.6	1.68E+02	2.02E+00	40.3	1.12E+02	4.44E+00
41.7	1.63E+02	2.01E+00	40.3	1.14E+02	4.48E+00
41.8	1.67E+02	2.00E+00	40.4	1.15E+02	4.46E+00
41.8	1.68E+02	2.00E+00	40.5	1.14E+02	4.51E+00
41.9	1.72E+02	2.01E+00	40.5	1.11E+02	4.47E+00
42	1.64E+02	2.02E+00	40.6	1.10E+02	4.41E+00
42	1.69E+02	2.01E+00	40.7	1.18E+02	4.53E+00
42.1	1.68E+02	2.01E+00	40.7	1.12E+02	4.46E+00
42.2	1.66E+02	2.00E+00	40.8	1.07E+02	4.35E+00
42.2	1.67E+02	1.99E+00	40.9	1.24E+02	4.58E+00
42.3	1.68E+02	2.00E+00	40.9	1.15E+02	4.56E+00
42.4	1.71E+02	1.98E+00	41	1.18E+02	5.18E+00
42	1.71E+02	2.02E+00	41.1	1.18E+02	5.57E+00
42.1	1.73E+02	2.04E+00	41.1	1.16E+02	5.87E+00
42.2	1.71E+02	2.04E+00	41.2	1.19E+02	6.28E+00
42.2	1.71E+02	2.04E+00	41.3	1.20E+02	6.60E+00
42.3	1.71E+02	2.04E+00	41.3	1.02E+02	6.93E+00
42.3	1.74E+02	2.04E+00	41.4	1.12E+02	7.69E+00
42.4	1.74E+02	2.05E+00	41.5	1.09E+02	7.86E+00
42.5	1.70E+02	2.04E+00	41.5	1.05E+02	8.57E+00
42.5	1.72E+02	2.05E+00	41.6	1.17E+02	9.50E+00
42.6	1.75E+02	2.05E+00	41.7	1.26E+02	1.10E+01
42.7	1.70E+02	2.04E+00	41.7	1.15E+02	4.52E+00
42.7	1.70E+02	2.04E+00	41.8	1.22E+02	4.64E+00
42.8	1.72E+02	2.06E+00	41.8	1.20E+02	4.59E+00
42.9	1.72E+02	2.07E+00	41.9	1.19E+02	4.60E+00
42.9	1.73E+02	2.06E+00	42	1.24E+02	4.65E+00
43	1.71E+02	2.05E+00	42	1.16E+02	4.55E+00
43.1	1.72E+02	2.05E+00	42.1	1.15E+02	4.54E+00
43.1	1.73E+02	2.04E+00	42.2	1.22E+02	4.59E+00
43.2	1.69E+02	2.04E+00	42.2	1.13E+02	4.47E+00
43.3	1.72E+02	2.06E+00	42.3	1.14E+02	4.51E+00
43.3	1.70E+02	2.06E+00	42.4	1.20E+02	4.58E+00
43.4	1.75E+02	2.07E+00	42.4	1.20E+02	4.54E+00
43.5	1.70E+02	2.05E+00	42.5	1.23E+02	4.60E+00
43.5	1.75E+02	2.05E+00	42.6	1.18E+02	4.59E+00
43.6	1.75E+02	2.06E+00	42.6	1.23E+02	4.62E+00
43.7	1.76E+02	2.07E+00	42.7	1.09E+02	4.49E+00
43.7	1.76E+02	2.06E+00	42.8	1.19E+02	4.59E+00
43.8	1.77E+02	2.05E+00	42.8	1.13E+02	4.52E+00
43.9	1.72E+02	2.05E+00	42.9	1.20E+02	4.65E+00
43.9	1.77E+02	2.07E+00	43	1.18E+02	4.56E+00
44	1.72E+02	2.08E+00	43	1.17E+02	4.60E+00
44.1	1.76E+02	2.08E+00	43.1	1.16E+02	4.53E+00
44.1	1.76E+02	2.07E+00	43.2	1.18E+02	4.58E+00
44.2	1.74E+02	2.07E+00	43.2	1.14E+02	4.55E+00
44.3	1.76E+02	2.08E+00	43.3	1.14E+02	4.54E+00
44.3	1.76E+02	2.08E+00	43.4	1.13E+02	4.52E+00
44.4	1.76E+02	2.09E+00	43.4	1.10E+02	4.47E+00
44.5	1.73E+02	2.09E+00	43.5	1.12E+02	4.61E+00
44.5	1.73E+02	2.09E+00	43.5	1.17E+02	4.56E+00
44.6	1.76E+02	2.10E+00	43.6	1.15E+02	4.57E+00
44.7	1.74E+02	2.09E+00	43.7	1.09E+02	4.51E+00
44.7	1.75E+02	2.09E+00	43.7	1.18E+02	4.58E+00
44.8	1.74E+02	2.10E+00	43.8	1.10E+02	4.53E+00
44.9	1.73E+02	2.08E+00	43.9	1.17E+02	4.63E+00
44.9	1.76E+02	2.07E+00	43.9	1.24E+02	4.64E+00
45	1.75E+02	2.07E+00	44	1.22E+02	4.60E+00
45	1.73E+02	2.08E+00	44.1	1.16E+02	4.54E+00
45.1	1.74E+02	2.08E+00	44.1	1.24E+02	4.65E+00
45.2	1.74E+02	2.08E+00	44.2	1.27E+02	4.67E+00
45.2	1.74E+02	2.06E+00	44.3	1.17E+02	4.60E+00
45.3	1.77E+02	2.07E+00	44.3	1.23E+02	4.68E+00
45.4	1.72E+02	2.06E+00	44.4	1.16E+02	4.60E+00
45.4	1.73E+02	2.05E+00	44.5	1.15E+02	4.60E+00
45.5	1.74E+02	2.05E+00	44.5	1.22E+02	4.67E+00
45.6	1.70E+02	2.05E+00	44.6	1.18E+02	4.66E+00
45.6	1.74E+02	2.05E+00	44.7	1.15E+02	4.56E+00
45.7	1.74E+02	2.06E+00	44.7	1.28E+02	4.73E+00
45.8	1.76E+02	2.06E+00	44.8	1.17E+02	4.60E+00
45.8	1.75E+02	2.05E+00	44.9	1.17E+02	4.58E+00
45.9	1.76E+02	2.06E+00	44.9	1.20E+02	4.65E+00
46	1.75E+02	2.07E+00	45	1.19E+02	4.60E+00
46	1.70E+02	2.06E+00	45.1	1.17E+02	4.57E+00
46.1	1.72E+02	2.07E+00	45.1	1.24E+02	4.66E+00
46.2	1.74E+02	2.07E+00	45.2	1.17E+02	4.56E+00
46.2	1.74E+02	2.05E+00	45.3	1.20E+02	4.65E+00
46.3	1.74E+02	2.07E+00	45.3	1.20E+02	4.61E+00
46.4	1.73E+02	2.08E+00	45.4	1.13E+02	4.56E+00
46.4	1.73E+02	2.07E+00	45.5	1.15E+02	4.49E+00
46.5	1.74E+02	2.06E+00	45.5	1.22E+02	4.62E+00
46.6	1.74E+02	2.07E+00	45.6	1.18E+02	4.60E+00
46.6	1.80E+02	2.07E+00	45.7	1.16E+02	4.56E+00
46.7	1.74E+02	2.07E+00	45.7	1.12E+02	4.58E+00
46.8	1.75E+02	2.08E+00	45.8	1.20E+02	4.61E+00
46.8	1.73E+02	2.06E+00	45.9	1.16E+02	4.94E+00
46.9	1.71E+02	2.08E+00	45.9	1.20E+02	5.11E+00
47	1.77E+02	2.08E+00	46	1.12E+02	4.97E+00
47	1.76E+02	2.06E+00	46.1	1.18E+02	5.16E+00
47.1	1.72E+02	2.07E+00	46.1	1.24E+02	4.69E+00
47.2	1.76E+02	2.09E+00	46.2	1.15E+02	4.61E+00
47.2	1.74E+02	2.07E+00	46.2	1.11E+02	4.49E+00
47.3	1.74E+02	2.06E+00	46.3	1.17E+02	4.58E+00
47.4	1.75E+02	2.24E+00	46.4	1.17E+02	4.62E+00
47.4	1.75E+02	2.28E+00	46.4	1.14E+02	4.55E+00
47.5	1.71E+02	2.27E+00	46.5	1.18E+02	4.60E+00
47.6	1.75E+02	2.25E+00	46.6	1.24E+02	4.67E+00
47.6	1.79E+02	2.08E+00	46.6	1.21E+02	4.57E+00
47.7	1.74E+02	2.06E+00	46.7	1.18E+02	4.61E+00
47.8	1.73E+02	2.08E+00	46.8	1.22E+02	4.69E+00
47.8	1.74E+02	2.07E+00	46.8	1.24E+02	4.68E+00
47.9	1.77E+02	2.08E+00	46.9	1.21E+02	4.61E+00
47.9	1.76E+02	2.07E+00	47	1.17E+02	4.60E+00
48	1.76E+02	2.08E+00	47	1.24E+02	4.70E+00
48.1	1.72E+02	2.05E+00	47.1	1.23E+02	4.58E+00
48.1	1.73E+02	2.07E+00	47.2	1.27E+02	4.63E+00
48.2	1.72E+02	2.06E+00	47.2	1.18E+02	4.63E+00
48.3	1.72E+02	2.06E+00	47.3	1.21E+02	4.65E+00
48.3	1.77E+02	2.07E+00	47.4	1.22E+02	4.62E+00
48.4	1.78E+02	2.10E+00	47.4	1.21E+02	4.63E+00
48.5	1.72E+02	2.06E+00	47.5	1.14E+02	4.52E+00
48.5	1.75E+02	2.05E+00	47.6	1.20E+02	4.64E+00
48.6	1.76E+02	2.07E+00	47.6	1.23E+02	4.72E+00
48.7	1.75E+02	2.06E+00	47.7	1.18E+02	4.57E+00
48.7	1.76E+02	2.06E+00	47.8	1.28E+02	4.75E+00
48.8	1.72E+02	2.04E+00	47.8	1.20E+02	4.59E+00
48.9	1.74E+02	2.06E+00	47.9	1.11E+02	4.56E+00
48.9	1.74E+02	2.06E+00	48	1.11E+02	4.55E+00
49	1.76E+02	2.07E+00	48	1.25E+02	4.69E+00
49.1	1.71E+02	2.05E+00	48.1	1.23E+02	4.62E+00
49.1	1.76E+02	2.06E+00	48.2	1.14E+02	4.57E+00
49.2	1.76E+02	2.07E+00	48.2	1.18E+02	4.63E+00
49.3	1.77E+02	2.07E+00	48.3	1.15E+02	4.54E+00
49.3	1.71E+02	2.06E+00	48.4	1.28E+02	4.70E+00
49.4	1.77E+02	2.06E+00	48.4	1.21E+02	4.55E+00
49.5	1.75E+02	2.07E+00	48.5	1.21E+02	4.61E+00
49.5	1.65E+02	2.04E+00	48.6	1.31E+02	4.68E+00
49.6	1.70E+02	2.05E+00	48.6	1.30E+02	4.67E+00
49.7	1.74E+02	2.05E+00	48.7	1.22E+02	4.65E+00
49.7	1.71E+02	2.04E+00	48.8	1.18E+02	4.58E+00
49.8	1.72E+02	2.06E+00	48.8	1.29E+02	4.68E+00
49.9	1.74E+02	2.04E+00	48.9	1.17E+02	4.56E+00
49.9	1.73E+02	2.05E+00	48.9	1.19E+02	4.53E+00
50	1.70E+02	2.04E+00	49	1.17E+02	4.59E+00
50.1	1.74E+02	2.07E+00	49.1	1.20E+02	4.64E+00
50.1	1.72E+02	2.05E+00	49.1	1.17E+02	4.53E+00
50.2	1.74E+02	2.06E+00	49.2	1.18E+02	4.63E+00
50.3	1.74E+02	2.06E+00	49.3	1.18E+02	4.56E+00
50.3	1.73E+02	2.06E+00	49.3	1.12E+02	4.55E+00
50.4	1.73E+02	2.05E+00	49.4	1.25E+02	4.64E+00
50.5	1.73E+02	2.05E+00	49.5	1.19E+02	4.55E+00
50.5	1.74E+02	2.05E+00	49.5	1.20E+02	4.59E+00
50.6	1.73E+02	2.04E+00	49.6	1.24E+02	4.66E+00
50.6	1.78E+02	2.06E+00	49.7	1.19E+02	4.61E+00
50.7	1.70E+02	2.04E+00	49.7	1.18E+02	4.65E+00
50.8	1.73E+02	2.04E+00	49.8	1.18E+02	4.60E+00
50.8	1.76E+02	2.06E+00	49.9	1.22E+02	4.73E+00
50.9	1.75E+02	2.07E+00	49.9	1.15E+02	4.50E+00
51	1.70E+02	2.05E+00	50	1.20E+02	4.60E+00
51	1.72E+02	2.05E+00	50.1	1.34E+02	4.79E+00
51.1	1.77E+02	2.06E+00	50.1	1.22E+02	4.60E+00
51.2	1.76E+02	2.07E+00	50.2	1.19E+02	4.63E+00
51.2	1.74E+02	2.06E+00	50.3	1.22E+02	4.64E+00
51.3	1.74E+02	2.05E+00	50.3	1.17E+02	4.60E+00
51.4	1.71E+02	2.04E+00	50.4	1.11E+02	4.55E+00
51.4	1.73E+02	2.05E+00	50.5	1.15E+02	4.59E+00
51.5	1.74E+02	2.06E+00	50.5	1.17E+02	4.57E+00
51.6	1.71E+02	2.03E+00	50.6	1.15E+02	4.47E+00
51.6	1.71E+02	2.04E+00	50.7	1.23E+02	4.68E+00
51.7	1.70E+02	2.05E+00	50.7	1.24E+02	4.69E+00
51.8	1.72E+02	2.05E+00	50.8	1.20E+02	4.60E+00
51.8	1.77E+02	2.05E+00	50.9	1.18E+02	4.56E+00
51.9	1.72E+02	2.05E+00	50.9	1.14E+02	4.54E+00
52	1.73E+02	2.05E+00	51	1.19E+02	4.64E+00
52	1.77E+02	2.06E+00	51.1	1.26E+02	4.72E+00
52.1	1.74E+02	2.04E+00	51.1	1.20E+02	4.55E+00
52.2	1.72E+02	2.04E+00	51.2	1.25E+02	4.76E+00
52.2	1.73E+02	2.06E+00	51.3	1.26E+02	4.66E+00
52.3	1.76E+02	2.05E+00	51.3	1.24E+02	4.67E+00
52.4	1.73E+02	2.06E+00	51.4	1.17E+02	4.60E+00
52.4	1.72E+02	2.04E+00	51.5	1.23E+02	4.71E+00
52.5	1.69E+02	2.05E+00	51.5	1.27E+02	4.70E+00
52.6	1.74E+02	2.05E+00	51.6	1.20E+02	4.61E+00
52.6	1.70E+02	2.05E+00	51.6	1.16E+02	4.53E+00
52.7	1.73E+02	2.05E+00	51.7	1.23E+02	4.66E+00
52.8	1.73E+02	2.06E+00	51.8	1.17E+02	4.54E+00
52.8	1.71E+02	2.05E+00	51.8	1.22E+02	4.66E+00
52.9	1.72E+02	2.07E+00	51.9	1.23E+02	4.63E+00
53	1.73E+02	2.05E+00	52	1.21E+02	4.61E+00
53	1.71E+02	2.06E+00	52	1.25E+02	4.68E+00
53.1	1.73E+02	2.06E+00	52.1	1.16E+02	4.55E+00
53.2	1.72E+02	2.05E+00	52.2	1.18E+02	4.59E+00
53.2	1.75E+02	2.06E+00	52.2	1.18E+02	4.58E+00
53.3	1.70E+02	2.06E+00	52.3	1.16E+02	4.54E+00
53.3	1.73E+02	2.06E+00	52.4	1.21E+02	4.64E+00
53.4	1.75E+02	2.07E+00	52.4	1.17E+02	4.57E+00
53.5	1.69E+02	2.07E+00	52.5	1.28E+02	4.66E+00
53.5	1.75E+02	2.08E+00	52.6	1.27E+02	4.66E+00
53.6	1.78E+02	2.09E+00	52.6	1.19E+02	4.56E+00
53.7	1.76E+02	2.11E+00	52.7	1.16E+02	4.62E+00
53.7	1.75E+02	2.09E+00	52.8	1.23E+02	4.69E+00
53.8	1.73E+02	2.11E+00	52.8	1.21E+02	4.67E+00
53.9	1.73E+02	2.10E+00	52.9	1.20E+02	4.62E+00
53.9	1.73E+02	2.09E+00	53	1.24E+02	4.71E+00
54	1.72E+02	2.10E+00	53	1.17E+02	4.62E+00
54.1	1.73E+02	2.10E+00	53.1	1.22E+02	4.66E+00
54.1	1.72E+02	2.09E+00	53.2	1.23E+02	4.68E+00
54.2	1.77E+02	2.08E+00	53.2	1.16E+02	4.57E+00
54.3	1.70E+02	2.08E+00	53.3	1.25E+02	4.73E+00
54.3	1.72E+02	2.07E+00	53.4	1.31E+02	4.82E+00
54.4	1.72E+02	2.06E+00	53.4	1.28E+02	4.79E+00
54.5	1.74E+02	2.06E+00	53.5	1.13E+02	4.61E+00
54.5	1.74E+02	2.07E+00	53.6	1.18E+02	4.66E+00
54.6	1.72E+02	2.05E+00	53.6	1.22E+02	4.73E+00
54.7	1.75E+02	2.04E+00	53.7	1.27E+02	4.77E+00
54.7	1.77E+02	2.06E+00	53.8	1.20E+02	4.66E+00
54.8	1.73E+02	2.05E+00	53.8	1.19E+02	4.71E+00
54.9	1.77E+02	2.06E+00	53.9	1.22E+02	4.78E+00
54.9	1.75E+02	2.06E+00	54	1.25E+02	4.77E+00
55	1.75E+02	2.05E+00	54	1.20E+02	4.76E+00
55.1	1.70E+02	2.05E+00	54.1	1.19E+02	4.66E+00
55.1	1.73E+02	2.05E+00	54.2	1.25E+02	4.79E+00
55.2	1.70E+02	2.03E+00	54.2	1.23E+02	4.75E+00
55.3	1.70E+02	2.04E+00	54.3	1.22E+02	4.75E+00
55.3	1.71E+02	2.02E+00	54.3	1.09E+02	4.60E+00
55.4	1.71E+02	2.04E+00	54.4	1.23E+02	4.72E+00
55.5	1.72E+02	2.05E+00	54.5	1.30E+02	4.76E+00
55.5	1.74E+02	2.05E+00	54.5	1.25E+02	4.77E+00
55.6	1.73E+02	2.05E+00	54.6	1.14E+02	4.57E+00
55.7	1.70E+02	2.04E+00	54.7	1.31E+02	4.72E+00
55.7	1.72E+02	2.04E+00	54.7	1.19E+02	4.61E+00
55.8	1.75E+02	2.05E+00	54.8	1.26E+02	4.68E+00
55.9	1.74E+02	2.03E+00	54.9	1.18E+02	4.70E+00
55.9	1.70E+02	2.04E+00	54.9	1.31E+02	4.73E+00
56	1.71E+02	2.03E+00	55	1.24E+02	4.70E+00
56	1.72E+02	2.05E+00	55.1	1.21E+02	4.64E+00
56.1	1.75E+02	2.05E+00	55.1	1.25E+02	4.72E+00
56.2	1.74E+02	2.05E+00	55.2	1.24E+02	4.69E+00
56.2	1.76E+02	2.05E+00	55.3	1.15E+02	4.56E+00
56.3	1.71E+02	2.04E+00	55.3	1.14E+02	4.61E+00
56.4	1.72E+02	2.08E+00	55.4	1.26E+02	4.69E+00
56.4	1.71E+02	2.04E+00	55.5	1.19E+02	4.55E+00
56.5	1.74E+02	2.04E+00	55.5	1.32E+02	4.70E+00
56.6	1.68E+02	2.03E+00	55.6	1.18E+02	4.61E+00
56.6	1.72E+02	2.03E+00	55.7	1.19E+02	4.61E+00
56.7	1.72E+02	2.02E+00	55.7	1.19E+02	4.59E+00
56.8	1.73E+02	2.05E+00	55.8	1.22E+02	4.61E+00
56.8	1.74E+02	2.04E+00	55.9	1.18E+02	4.62E+00
56.9	1.73E+02	2.02E+00	55.9	1.25E+02	4.66E+00
57	1.75E+02	2.04E+00	56	1.16E+02	4.61E+00
57	1.73E+02	2.03E+00	56.1	1.24E+02	4.66E+00
57.1	1.74E+02	2.03E+00	56.1	1.16E+02	4.53E+00
57.2	1.75E+02	2.04E+00	56.2	1.16E+02	4.61E+00
57.2	1.75E+02	2.04E+00	56.3	1.14E+02	4.54E+00
57.3	1.67E+02	2.02E+00	56.3	1.14E+02	4.53E+00
57.4	1.73E+02	2.03E+00	56.4	1.20E+02	4.62E+00
57.4	1.74E+02	2.03E+00	56.5	1.24E+02	4.66E+00
57.5	1.73E+02	2.03E+00	56.5	1.21E+02	4.69E+00
57.6	1.72E+02	2.04E+00	56.6	1.12E+02	4.52E+00
57.6	1.72E+02	2.00E+00	56.7	1.16E+02	4.58E+00
57.7	1.73E+02	2.03E+00	56.7	1.24E+02	4.65E+00
57.8	1.70E+02	2.02E+00	56.8	1.12E+02	4.50E+00
57.8	1.73E+02	2.03E+00	56.9	1.13E+02	4.49E+00
57.9	1.69E+02	2.02E+00	56.9	1.22E+02	4.63E+00
58	1.72E+02	2.02E+00	57	1.25E+02	4.60E+00
58	1.73E+02	2.04E+00	57	1.22E+02	4.59E+00
58.1	1.74E+02	2.04E+00	57.1	1.19E+02	4.22E+00
58.2	1.74E+02	2.03E+00	57.2	1.16E+02	4.03E+00
58.2	1.71E+02	2.01E+00	57.2	1.23E+02	3.94E+00
58.3	1.72E+02	2.02E+00	57.3	1.27E+02	3.91E+00
58.4	1.74E+02	2.00E+00	57.4	1.23E+02	3.75E+00
58.4	1.73E+02	2.03E+00	57.4	1.25E+02	3.61E+00
58.5	1.75E+02	2.02E+00	57.5	1.24E+02	3.49E+00
58.6	1.71E+02	2.01E+00	57.6	1.25E+02	3.43E+00
58.6	1.74E+02	2.02E+00	57.6	1.18E+02	3.23E+00
58.7	1.77E+02	2.02E+00	57.7	1.32E+02	3.33E+00
58.7	1.75E+02	2.01E+00	57.8	1.18E+02	3.22E+00
58.8	1.75E+02	2.02E+00	57.8	1.19E+02	3.25E+00
58.9	1.80E+02	2.03E+00	57.9	1.28E+02	3.28E+00
58.9	1.71E+02	2.01E+00	58	1.28E+02	3.29E+00
59	1.73E+02	2.03E+00	58	1.26E+02	3.28E+00
59.1	1.74E+02	2.04E+00	58.1	1.30E+02	3.31E+00
59.1	1.74E+02	2.03E+00	58.2	1.27E+02	3.29E+00
59.2	1.76E+02	2.01E+00	58.2	1.27E+02	3.29E+00
59.3	1.74E+02	2.02E+00	58.3	1.28E+02	3.34E+00
59.3	1.74E+02	2.03E+00	58.4	1.24E+02	3.27E+00
59.4	1.73E+02	2.02E+00	58.4	1.27E+02	3.32E+00
59.5	1.81E+02	2.04E+00	58.5	1.24E+02	3.30E+00
59.7	1.83E+02	2.10E+00	58.6	1.30E+02	3.34E+00
59.7	1.83E+02	2.09E+00	58.6	1.28E+02	3.31E+00
59.8	1.84E+02	2.08E+00	58.7	1.24E+02	3.29E+00
59.9	1.87E+02	2.10E+00	58.8	1.26E+02	3.30E+00
59.9	1.86E+02	2.09E+00	58.8	1.32E+02	3.34E+00
60	1.88E+02	2.10E+00	58.9	1.23E+02	3.27E+00
60.1	1.86E+02	2.12E+00	59	1.31E+02	3.33E+00
60.1	1.87E+02	2.12E+00	59	1.26E+02	3.31E+00
60.2	1.84E+02	2.11E+00	59.1	1.27E+02	3.31E+00
60.3	1.83E+02	2.11E+00	59.2	1.24E+02	3.30E+00
60.3	1.86E+02	2.12E+00	59.2	1.26E+02	3.31E+00
60.4	1.88E+02	2.11E+00	59.3	1.28E+02	3.29E+00
60.5	1.85E+02	2.11E+00	59.4	1.20E+02	3.24E+00
60.5	1.84E+02	2.10E+00	59.4	1.32E+02	3.41E+00
60.6	1.84E+02	2.11E+00	59.5	1.29E+02	4.13E+00
60.7	1.87E+02	2.13E+00	59.6	1.31E+02	4.22E+00
60.7	1.88E+02	2.11E+00	59.6	1.30E+02	4.31E+00
60.8	1.83E+02	2.10E+00	59.7	1.21E+02	4.33E+00
60.8	1.85E+02	2.10E+00	59.8	1.25E+02	4.53E+00
60.9	1.88E+02	2.11E+00	59.8	1.21E+02	4.56E+00
61	1.84E+02	2.13E+00	59.9	1.16E+02	4.60E+00
61	1.83E+02	2.11E+00	59.9	1.33E+02	4.86E+00
61.1	1.84E+02	2.13E+00	60	1.32E+02	4.75E+00
61.2	1.86E+02	2.12E+00	60.1	1.35E+02	4.76E+00
61.2	1.83E+02	2.13E+00	60.1	1.25E+02	4.70E+00
61.3	1.81E+02	2.14E+00	60.2	1.29E+02	4.71E+00
61.4	1.84E+02	2.14E+00	60.3	1.33E+02	4.79E+00
61.4	1.82E+02	2.12E+00	60.3	1.24E+02	4.68E+00
61.5	1.82E+02	2.12E+00	60.4	1.30E+02	4.72E+00
61.6	1.82E+02	2.11E+00	60.5	1.25E+02	4.72E+00
61.6	1.87E+02	2.12E+00	60.5	1.20E+02	4.68E+00
61.7	1.84E+02	2.13E+00	60.6	1.19E+02	4.62E+00
61.8	1.85E+02	2.13E+00	60.7	1.28E+02	4.72E+00
61.8	1.85E+02	2.13E+00	60.7	1.31E+02	4.76E+00
61.9	1.85E+02	2.11E+00	60.8	1.30E+02	4.74E+00
62	1.84E+02	2.10E+00	60.9	1.26E+02	4.70E+00
62	1.85E+02	2.12E+00	60.9	1.24E+02	4.69E+00
62.1	1.87E+02	2.12E+00	61	1.29E+02	4.77E+00
62.2	1.86E+02	2.12E+00	61.1	1.34E+02	4.74E+00
62.2	1.81E+02	2.11E+00	61.1	1.30E+02	4.72E+00
62.3	1.89E+02	2.11E+00	61.2	1.19E+02	4.64E+00
62.4	1.84E+02	2.10E+00	61.3	1.28E+02	4.74E+00
62.4	1.84E+02	2.09E+00	61.3	1.29E+02	4.77E+00
62.5	1.83E+02	2.12E+00	61.4	1.34E+02	4.77E+00
62.6	1.85E+02	2.12E+00	61.5	1.25E+02	4.72E+00
62.6	1.86E+02	2.13E+00	61.5	1.16E+02	4.60E+00
62.7	1.86E+02	2.13E+00	61.6	1.28E+02	4.67E+00
62.8	1.86E+02	2.13E+00	61.7	1.17E+02	4.59E+00
62.8	1.86E+02	2.13E+00	61.7	1.21E+02	4.65E+00
62.9	1.86E+02	2.12E+00	61.8	1.23E+02	4.67E+00
63	1.87E+02	2.12E+00	61.9	1.22E+02	4.68E+00
63	1.86E+02	2.11E+00	61.9	1.28E+02	4.66E+00
63.1	1.85E+02	2.14E+00	62	1.21E+02	4.68E+00
63.2	1.84E+02	2.10E+00	62.1	1.24E+02	4.66E+00
63.2	1.83E+02	2.11E+00	62.1	1.17E+02	4.58E+00
63.3	1.84E+02	2.12E+00	62.2	1.22E+02	4.64E+00
63.4	1.85E+02	2.11E+00	62.3	1.20E+02	4.60E+00
63.4	1.79E+02	2.08E+00	62.3	1.30E+02	4.77E+00
63.5	1.83E+02	2.11E+00	62.4	1.30E+02	4.75E+00
63.5	1.82E+02	2.09E+00	62.5	1.29E+02	4.75E+00
63.6	1.84E+02	2.11E+00	62.5	1.26E+02	4.69E+00
63.7	1.87E+02	2.12E+00	62.6	1.26E+02	4.66E+00
63.7	1.85E+02	2.10E+00	62.6	1.35E+02	4.81E+00
63.8	1.81E+02	2.11E+00	62.7	1.31E+02	4.76E+00
63.9	1.85E+02	2.10E+00	62.8	1.28E+02	4.72E+00
63.9	1.86E+02	2.08E+00	62.8	1.30E+02	4.73E+00
64	1.82E+02	2.10E+00	62.9	1.36E+02	4.82E+00
64.1	1.84E+02	2.10E+00	63	1.34E+02	4.73E+00
64.1	1.83E+02	2.10E+00	63	1.24E+02	4.65E+00
64.2	1.85E+02	2.11E+00	63.1	1.31E+02	4.74E+00
64.3	1.83E+02	2.10E+00	63.2	1.25E+02	4.72E+00
64.3	1.84E+02	2.10E+00	63.2	1.28E+02	4.69E+00
64.4	1.87E+02	2.09E+00	63.3	1.28E+02	4.70E+00
64.5	1.86E+02	2.09E+00	63.4	1.25E+02	4.66E+00
64.5	1.83E+02	2.10E+00	63.4	1.23E+02	4.67E+00
64.6	1.85E+02	2.12E+00	63.5	1.22E+02	4.66E+00
64.7	1.83E+02	2.11E+00	63.6	1.17E+02	4.66E+00
64.7	1.84E+02	2.12E+00	63.6	1.25E+02	4.62E+00
64.8	1.84E+02	2.10E+00	63.7	1.19E+02	4.62E+00
64.9	1.82E+02	2.12E+00	63.8	1.23E+02	4.67E+00
64.9	1.82E+02	2.12E+00	63.8	1.21E+02	4.61E+00
65	1.87E+02	2.14E+00	63.9	1.23E+02	4.62E+00
65.1	1.87E+02	2.11E+00	64	1.23E+02	4.62E+00
65.1	1.87E+02	2.14E+00	64	1.27E+02	4.68E+00
65.2	1.87E+02	2.12E+00	64.1	1.27E+02	4.67E+00
65.3	1.83E+02	2.12E+00	64.2	1.27E+02	4.68E+00
65.3	1.82E+02	2.10E+00	64.2	1.30E+02	4.74E+00
65.4	1.85E+02	2.11E+00	64.3	1.26E+02	5.25E+00
65.5	1.82E+02	2.11E+00	64.4	1.37E+02	5.36E+00
65.5	1.83E+02	2.12E+00	64.4	1.40E+02	5.35E+00
65.6	1.86E+02	2.11E+00	64.5	1.25E+02	5.32E+00
65.7	1.83E+02	2.11E+00	64.6	1.24E+02	4.75E+00
65.7	1.82E+02	2.11E+00	64.6	1.22E+02	4.72E+00
65.8	1.83E+02	2.27E+00	64.7	1.24E+02	4.69E+00
65.9	1.84E+02	2.24E+00	64.8	1.23E+02	4.73E+00
65.9	1.82E+02	2.27E+00	64.8	1.27E+02	4.68E+00
66	1.88E+02	2.26E+00	64.9	1.32E+02	4.76E+00
66.1	1.84E+02	2.11E+00	65	1.33E+02	4.77E+00
66.1	1.83E+02	2.11E+00	65	1.27E+02	4.70E+00
66.2	1.83E+02	2.12E+00	65.1	1.21E+02	4.67E+00
66.2	1.85E+02	2.11E+00	65.2	1.27E+02	4.70E+00
66.3	1.86E+02	2.11E+00	65.2	1.28E+02	4.73E+00
66.4	1.83E+02	2.12E+00	65.3	1.18E+02	4.61E+00
66.4	1.96E+02	2.18E+00	65.3	1.27E+02	4.71E+00
66.5	1.85E+02	2.12E+00	65.4	1.26E+02	4.72E+00
66.6	1.82E+02	2.12E+00	65.5	1.28E+02	4.75E+00
66.6	1.83E+02	2.12E+00	65.5	1.30E+02	4.71E+00
66.7	1.82E+02	2.13E+00	65.6	1.30E+02	4.70E+00
66.8	1.84E+02	2.11E+00	65.7	1.34E+02	4.76E+00
66.8	1.83E+02	2.11E+00	65.7	1.40E+02	4.82E+00
66.9	1.84E+02	2.12E+00	65.8	1.18E+02	4.60E+00
67	1.82E+02	2.11E+00	65.9	1.19E+02	4.63E+00
67	1.84E+02	2.12E+00	65.9	1.30E+02	4.76E+00
67.1	1.81E+02	2.09E+00	66	1.29E+02	4.71E+00
67.2	1.81E+02	2.11E+00	66.1	1.21E+02	4.67E+00
67.2	1.83E+02	2.10E+00	66.1	1.23E+02	4.62E+00
67.3	1.85E+02	2.11E+00	66.2	1.34E+02	4.77E+00
67.4	1.82E+02	2.10E+00	66.3	1.28E+02	4.69E+00
67.4	1.89E+02	2.13E+00	66.3	1.21E+02	4.67E+00
67.5	1.87E+02	2.12E+00	66.4	1.22E+02	4.68E+00
67.6	1.83E+02	2.13E+00	66.5	1.26E+02	4.67E+00
67.6	1.84E+02	2.12E+00	66.5	1.31E+02	4.71E+00
67.7	1.80E+02	2.12E+00	66.6	1.34E+02	4.82E+00
67.8	1.84E+02	2.13E+00	66.7	1.25E+02	4.72E+00
67.8	1.83E+02	2.12E+00	66.7	1.25E+02	4.67E+00
67.9	1.87E+02	2.09E+00	66.8	1.21E+02	4.63E+00
68	1.84E+02	2.12E+00	66.9	1.30E+02	4.75E+00
68	1.83E+02	2.12E+00	66.9	1.32E+02	4.80E+00
68.1	1.85E+02	2.10E+00	67	1.26E+02	4.65E+00
68.2	1.90E+02	2.12E+00	67.1	1.27E+02	4.70E+00
68.2	1.84E+02	2.12E+00	67.1	1.33E+02	4.74E+00
68.3	1.84E+02	2.10E+00	67.2	1.28E+02	4.73E+00
68.4	1.89E+02	2.12E+00	67.3	1.34E+02	4.76E+00
68.4	1.85E+02	2.11E+00	67.3	1.13E+02	4.54E+00
68.5	1.90E+02	2.11E+00	67.4	1.19E+02	4.65E+00
68.6	1.83E+02	2.13E+00	67.5	1.31E+02	4.78E+00
68.6	1.86E+02	2.12E+00	67.5	1.30E+02	4.75E+00
68.7	1.87E+02	2.12E+00	67.6	1.27E+02	4.68E+00
68.8	1.85E+02	2.11E+00	67.7	1.32E+02	4.78E+00
68.8	1.85E+02	2.12E+00	67.7	1.27E+02	4.66E+00
68.9	1.83E+02	2.11E+00	67.8	1.33E+02	4.83E+00
69	1.84E+02	2.11E+00	67.9	1.26E+02	4.76E+00
69	1.89E+02	2.12E+00	67.9	1.34E+02	4.79E+00
69.1	1.86E+02	2.12E+00	68	1.27E+02	4.72E+00
69.1	1.89E+02	2.11E+00	68	1.37E+02	4.80E+00
69.2	1.87E+02	2.13E+00	68.1	1.24E+02	4.68E+00
69.3	1.86E+02	2.10E+00	68.2	1.25E+02	4.66E+00
69.3	1.87E+02	2.12E+00	68.2	1.32E+02	4.74E+00
69.4	1.86E+02	2.10E+00	68.3	1.25E+02	4.72E+00
69.5	1.80E+02	2.09E+00	68.4	1.20E+02	4.66E+00
69.5	1.86E+02	2.12E+00	68.4	1.30E+02	4.74E+00
69.6	1.87E+02	2.13E+00	68.5	1.30E+02	4.74E+00
69.7	1.85E+02	2.11E+00	68.6	1.32E+02	4.75E+00
69.7	1.85E+02	2.10E+00	68.6	1.31E+02	4.75E+00
69.8	1.86E+02	2.11E+00	68.7	1.33E+02	4.80E+00
69.9	1.84E+02	2.13E+00	68.8	1.34E+02	4.75E+00
69.9	1.92E+02	2.12E+00	68.8	1.30E+02	4.73E+00
70	1.86E+02	2.11E+00	68.9	1.33E+02	4.78E+00
70.1	1.89E+02	2.12E+00	69	1.26E+02	4.68E+00
70.1	1.87E+02	2.12E+00	69	1.30E+02	4.70E+00
70.2	1.87E+02	2.11E+00	69.1	1.30E+02	4.75E+00
70.3	1.83E+02	2.12E+00	69.2	1.36E+02	4.82E+00
70.3	1.80E+02	2.10E+00	69.2	1.27E+02	4.75E+00
70.4	1.89E+02	2.13E+00	69.3	1.33E+02	4.75E+00
70.5	1.85E+02	2.12E+00	69.4	1.23E+02	4.67E+00
70.5	1.86E+02	2.12E+00	69.4	1.31E+02	4.81E+00
70.6	1.90E+02	2.14E+00	69.5	1.26E+02	4.74E+00
70.7	1.84E+02	2.12E+00	69.6	1.29E+02	4.73E+00
70.7	1.86E+02	2.12E+00	69.6	1.31E+02	4.75E+00
70.8	1.88E+02	2.13E+00	69.7	1.25E+02	4.74E+00
70.9	1.87E+02	2.12E+00	69.8	1.29E+02	4.67E+00
70.9	1.89E+02	2.14E+00	69.8	1.31E+02	4.73E+00
71	1.88E+02	2.13E+00	69.9	1.30E+02	4.75E+00
71.1	1.89E+02	2.14E+00	70	1.26E+02	4.71E+00
71.1	1.88E+02	2.13E+00	70	1.23E+02	4.68E+00
71.2	1.93E+02	2.14E+00	70.1	1.28E+02	4.71E+00
71.3	1.89E+02	2.14E+00	70.2	1.24E+02	4.71E+00
71.3	1.87E+02	2.13E+00	70.2	1.29E+02	4.75E+00
71.4	1.89E+02	2.13E+00	70.3	1.35E+02	4.82E+00
71.5	1.87E+02	2.13E+00	70.4	1.27E+02	4.76E+00
71.5	1.86E+02	2.11E+00	70.4	1.36E+02	4.81E+00
71.6	1.90E+02	2.13E+00	70.5	1.31E+02	4.73E+00
71.7	1.87E+02	2.13E+00	70.6	1.37E+02	4.95E+00
71.7	1.87E+02	2.12E+00	70.6	1.23E+02	4.70E+00
71.8	1.90E+02	2.13E+00	70.7	1.25E+02	4.67E+00
71.8	1.89E+02	2.13E+00	70.7	1.31E+02	4.77E+00
71.9	1.93E+02	2.14E+00	70.8	1.33E+02	4.76E+00
72	1.89E+02	2.13E+00	70.9	1.29E+02	4.75E+00
72	1.88E+02	2.13E+00	70.9	1.33E+02	4.78E+00
72.1	1.90E+02	2.12E+00	71	1.30E+02	4.75E+00
72.2	1.89E+02	2.14E+00	71.1	1.35E+02	4.79E+00
72.2	1.89E+02	2.13E+00	71.1	1.36E+02	4.80E+00
72.3	1.84E+02	2.11E+00	71.2	1.32E+02	4.76E+00
72.4	1.90E+02	2.12E+00	71.3	1.36E+02	4.83E+00
72.4	1.89E+02	2.13E+00	71.3	1.35E+02	4.82E+00
72.5	1.93E+02	2.13E+00	71.4	1.39E+02	4.85E+00
72.6	1.89E+02	2.13E+00	71.5	1.23E+02	4.69E+00
72.6	1.87E+02	2.12E+00	71.5	1.37E+02	4.78E+00
72.7	1.90E+02	2.11E+00	71.6	1.32E+02	4.77E+00
72.8	1.91E+02	2.13E+00	71.7	1.31E+02	4.71E+00
72.8	1.91E+02	2.13E+00	71.7	1.25E+02	4.75E+00
72.9	1.88E+02	2.13E+00	71.8	1.30E+02	4.78E+00
73	1.92E+02	2.13E+00	71.9	1.31E+02	4.76E+00
73	1.89E+02	2.12E+00	71.9	1.29E+02	4.79E+00
73.1	1.89E+02	2.13E+00	72	1.30E+02	4.76E+00
73.2	1.88E+02	2.12E+00	72.1	1.34E+02	4.82E+00
73.2	1.92E+02	2.13E+00	72.1	1.24E+02	4.75E+00
73.3	1.88E+02	2.12E+00	72.2	1.30E+02	4.79E+00
73.4	1.88E+02	2.13E+00	72.3	1.30E+02	4.78E+00
73.4	1.87E+02	2.14E+00	72.3	1.27E+02	4.73E+00
73.5	1.87E+02	2.13E+00	72.4	1.40E+02	4.92E+00
73.6	1.89E+02	2.12E+00	72.5	1.44E+02	4.97E+00
73.6	1.90E+02	2.12E+00	72.5	1.30E+02	4.83E+00
73.7	1.88E+02	2.12E+00	72.6	1.37E+02	4.88E+00
73.8	1.90E+02	2.14E+00	72.7	1.19E+02	4.68E+00
73.8	1.89E+02	2.13E+00	72.7	1.29E+02	4.74E+00
73.9	1.90E+02	2.16E+00	72.8	1.25E+02	4.74E+00
74	1.86E+02	2.13E+00	72.9	1.33E+02	4.77E+00
74	1.87E+02	2.14E+00	72.9	1.31E+02	4.78E+00
74.1	1.88E+02	2.13E+00	73	1.29E+02	4.78E+00
74.2	1.90E+02	2.12E+00	73.1	1.31E+02	4.79E+00
74.2	1.90E+02	2.16E+00	73.1	1.31E+02	4.84E+00
74.3	1.88E+02	2.13E+00	73.2	1.35E+02	4.82E+00
74.4	1.90E+02	2.12E+00	73.3	1.33E+02	4.82E+00
74.4	1.88E+02	2.16E+00	73.3	1.34E+02	4.78E+00
74.5	1.90E+02	2.14E+00	73.4	1.37E+02	4.80E+00
74.5	1.92E+02	2.15E+00	73.4	1.33E+02	4.85E+00
74.6	1.91E+02	2.14E+00	73.5	1.25E+02	4.78E+00
74.7	1.91E+02	2.15E+00	73.6	1.35E+02	4.79E+00
74.7	1.92E+02	2.16E+00	73.6	1.24E+02	4.69E+00
74.8	1.90E+02	2.17E+00	73.7	1.26E+02	4.68E+00
74.9	1.91E+02	2.15E+00	73.8	1.37E+02	4.82E+00
74.9	1.92E+02	2.14E+00	73.8	1.32E+02	4.78E+00
75	1.92E+02	2.16E+00	73.9	1.31E+02	4.81E+00
75.1	1.92E+02	2.16E+00	74	1.32E+02	4.76E+00
75.1	1.90E+02	2.15E+00	74	1.38E+02	4.75E+00
75.2	1.91E+02	2.15E+00	74.1	1.30E+02	4.75E+00
75.3	1.86E+02	2.12E+00	74.2	1.25E+02	4.70E+00
75.3	1.91E+02	2.13E+00	74.2	1.25E+02	4.72E+00
75.4	1.93E+02	2.15E+00	74.3	1.36E+02	4.81E+00
75.5	1.93E+02	2.14E+00	74.4	1.31E+02	4.75E+00
75.5	1.91E+02	2.11E+00	74.4	1.29E+02	4.69E+00
75.6	1.86E+02	2.13E+00	74.5	1.36E+02	4.80E+00
75.7	1.93E+02	2.13E+00	74.6	1.37E+02	4.89E+00
75.7	1.93E+02	2.13E+00	74.6	1.35E+02	4.80E+00
75.8	1.88E+02	2.12E+00	74.7	1.38E+02	4.85E+00
75.9	1.92E+02	2.15E+00	74.8	1.35E+02	4.81E+00
75.9	1.89E+02	2.12E+00	74.8	1.37E+02	4.82E+00
76	1.93E+02	2.13E+00	74.9	1.32E+02	4.71E+00
76.1	1.91E+02	2.15E+00	75	1.40E+02	4.77E+00
76.1	1.90E+02	2.14E+00	75	1.36E+02	4.73E+00
76.2	1.87E+02	2.12E+00	75.1	1.44E+02	4.88E+00
76.3	1.90E+02	2.14E+00	75.2	1.30E+02	4.69E+00
76.3	1.90E+02	2.14E+00	75.2	1.37E+02	4.74E+00
76.4	1.90E+02	2.13E+00	75.3	1.29E+02	4.70E+00
76.5	1.92E+02	2.14E+00	75.4	1.39E+02	4.83E+00
76.5	1.86E+02	2.14E+00	75.6	1.29E+02	4.66E+00
76.6	1.92E+02	2.15E+00	75.7	1.28E+02	4.66E+00
76.7	1.90E+02	2.13E+00	75.7	1.31E+02	4.68E+00
76.7	1.92E+02	2.13E+00	75.8	1.37E+02	4.82E+00
76.8	1.91E+02	2.12E+00	75.9	1.33E+02	4.78E+00
76.9	1.91E+02	2.12E+00	75.9	1.29E+02	4.66E+00
76.9	1.93E+02	2.13E+00	76	1.32E+02	4.77E+00
77	1.87E+02	2.09E+00	76.1	1.36E+02	4.75E+00
77.1	1.93E+02	2.11E+00	76.1	1.24E+02	4.61E+00
77.1	1.92E+02	2.10E+00	76.2	1.31E+02	4.68E+00
77.2	1.91E+02	2.08E+00	76.3	1.29E+02	4.72E+00
77.2	1.91E+02	2.11E+00	76.3	1.33E+02	4.70E+00
77.3	1.92E+02	2.13E+00	76.4	1.36E+02	4.74E+00
77.4	1.98E+02	2.15E+00	76.5	1.33E+02	4.74E+00
77.4	1.97E+02	2.16E+00	76.5	1.33E+02	4.71E+00
77.5	1.89E+02	2.15E+00	76.6	1.32E+02	4.75E+00
77.6	1.93E+02	2.16E+00	76.7	1.28E+02	4.75E+00
77.6	1.89E+02	2.16E+00	76.7	1.33E+02	4.78E+00
77.7	1.94E+02	2.14E+00	76.8	1.37E+02	4.82E+00
77.8	1.89E+02	2.13E+00	76.9	1.31E+02	4.75E+00
77.8	1.92E+02	2.16E+00	76.9	1.33E+02	4.78E+00
77.9	1.91E+02	2.17E+00	77	1.42E+02	4.84E+00
78	1.95E+02	2.16E+00	77.1	1.28E+02	4.74E+00
78	1.91E+02	2.14E+00	77.1	1.34E+02	4.81E+00
78.1	1.94E+02	2.13E+00	77.2	1.36E+02	4.80E+00
78.2	1.95E+02	2.13E+00	77.3	1.40E+02	4.82E+00
78.2	1.93E+02	2.12E+00	77.3	1.39E+02	4.84E+00
78.3	1.91E+02	2.12E+00	77.4	1.35E+02	4.75E+00
78.4	1.92E+02	2.14E+00	77.5	1.30E+02	4.70E+00
78.4	1.96E+02	2.15E+00	77.5	1.43E+02	4.87E+00
78.5	1.94E+02	2.13E+00	77.6	1.28E+02	4.73E+00
78.6	1.89E+02	2.13E+00	77.7	1.30E+02	4.67E+00
78.6	1.95E+02	2.16E+00	77.7	1.39E+02	4.79E+00
78.7	1.96E+02	2.18E+00	77.8	1.31E+02	4.76E+00
78.8	1.91E+02	2.14E+00	77.8	1.38E+02	4.76E+00
78.8	1.88E+02	2.13E+00	77.9	1.25E+02	4.61E+00
78.9	1.91E+02	2.13E+00	78	1.38E+02	4.70E+00
79	1.94E+02	2.14E+00	78	1.32E+02	4.69E+00
79	1.90E+02	2.14E+00	78.1	1.29E+02	5.04E+00
79.1	1.98E+02	2.17E+00	78.2	1.41E+02	7.62E+00
79.2	1.92E+02	2.15E+00	78.2	1.38E+02	8.05E+00
79.2	1.91E+02	2.13E+00	78.3	1.25E+02	5.91E+00
79.3	1.93E+02	2.14E+00	78.4	1.40E+02	5.35E+00
79.3	1.97E+02	2.16E+00	78.4	1.29E+02	4.76E+00
79.4	1.92E+02	2.16E+00	78.5	1.27E+02	4.66E+00
79.5	1.91E+02	2.17E+00	78.6	1.33E+02	4.72E+00
79.5	1.90E+02	2.15E+00	78.6	1.31E+02	4.69E+00
79.6	1.91E+02	2.17E+00	78.7	1.32E+02	4.63E+00
79.7	1.88E+02	2.15E+00	78.8	1.26E+02	4.63E+00
79.7	1.92E+02	2.19E+00	78.8	1.22E+02	4.56E+00
79.8	1.90E+02	2.17E+00	78.9	1.29E+02	4.70E+00
79.9	1.98E+02	2.19E+00	79	1.35E+02	4.79E+00
79.9	1.91E+02	2.18E+00	79	1.38E+02	4.80E+00
80	1.97E+02	2.18E+00	79.1	1.24E+02	4.65E+00
80.1	1.92E+02	2.18E+00	79.2	1.32E+02	4.72E+00
80.1	1.97E+02	2.18E+00	79.2	1.32E+02	4.72E+00
80.2	1.89E+02	2.16E+00	79.3	1.26E+02	4.62E+00
80.3	2.03E+02	2.20E+00	79.4	1.32E+02	4.70E+00
80.3	1.93E+02	2.15E+00	79.4	1.36E+02	4.70E+00
80.4	1.98E+02	2.20E+00	79.5	1.33E+02	4.67E+00
80.5	1.90E+02	2.17E+00	79.6	1.38E+02	4.77E+00
80.5	1.95E+02	2.16E+00	79.6	1.34E+02	4.65E+00
80.6	1.91E+02	2.17E+00	79.7	1.37E+02	4.70E+00
80.7	1.97E+02	2.18E+00	79.8	1.27E+02	4.61E+00
80.7	1.92E+02	2.17E+00	79.8	1.37E+02	4.72E+00
80.8	1.96E+02	2.17E+00	79.9	1.37E+02	4.69E+00
80.9	1.92E+02	2.16E+00	80	1.29E+02	4.62E+00
80.9	1.93E+02	2.19E+00	80	1.29E+02	4.64E+00
81	1.93E+02	2.19E+00	80.1	1.28E+02	4.67E+00
81.1	1.92E+02	2.17E+00	80.2	1.31E+02	4.67E+00
81.1	1.85E+02	2.16E+00	80.2	1.32E+02	4.67E+00
81.2	1.95E+02	2.20E+00	80.3	1.23E+02	4.61E+00
81.3	1.95E+02	2.19E+00	80.4	1.35E+02	4.77E+00
81.3	2.00E+02	2.19E+00	80.4	1.26E+02	4.63E+00
81.4	1.92E+02	2.18E+00	80.5	1.25E+02	4.61E+00
81.5	2.00E+02	2.19E+00	80.5	1.30E+02	4.71E+00
81.5	1.94E+02	2.17E+00	80.6	1.25E+02	4.64E+00
81.6	2.00E+02	2.19E+00	80.7	1.25E+02	4.67E+00
81.7	1.97E+02	2.18E+00	80.7	1.26E+02	4.66E+00
81.7	1.95E+02	2.16E+00	80.8	1.34E+02	4.77E+00
81.8	1.92E+02	2.16E+00	80.9	1.34E+02	4.75E+00
81.9	1.94E+02	2.15E+00	80.9	1.41E+02	4.86E+00
81.9	1.91E+02	2.15E+00	81	1.33E+02	4.79E+00
82	1.97E+02	2.15E+00	81.1	1.37E+02	4.81E+00
82	1.91E+02	2.14E+00	81.1	1.36E+02	4.78E+00
82.1	1.96E+02	2.16E+00	81.2	1.35E+02	4.74E+00
82.2	1.93E+02	2.15E+00	81.3	1.37E+02	4.72E+00
82.2	1.98E+02	2.17E+00	81.3	1.34E+02	4.81E+00
82.3	1.92E+02	2.16E+00	81.4	1.24E+02	4.67E+00
82.4	1.97E+02	2.16E+00	81.5	1.28E+02	4.72E+00
82.4	1.90E+02	2.15E+00	81.5	1.26E+02	4.65E+00
82.5	1.97E+02	2.17E+00	81.6	1.36E+02	4.77E+00
82.6	1.96E+02	2.15E+00	81.7	1.31E+02	4.71E+00
82.6	1.98E+02	2.16E+00	81.7	1.35E+02	4.75E+00
82.7	1.96E+02	2.16E+00	81.8	1.33E+02	4.72E+00
82.8	1.91E+02	2.15E+00	81.9	1.25E+02	4.65E+00
82.8	1.97E+02	2.14E+00	81.9	1.41E+02	4.83E+00
82.9	1.97E+02	2.17E+00	82	1.41E+02	4.78E+00
83	1.93E+02	2.16E+00	82.1	1.34E+02	4.81E+00
83	1.95E+02	2.16E+00	82.1	1.23E+02	4.71E+00
83.1	1.91E+02	2.17E+00	82.2	1.29E+02	4.75E+00
83.2	1.97E+02	2.18E+00	82.3	1.32E+02	4.71E+00
83.2	1.94E+02	2.18E+00	82.3	1.29E+02	4.74E+00
83.3	1.94E+02	2.17E+00	82.4	1.28E+02	4.73E+00
83.4	1.96E+02	2.17E+00	82.5	1.34E+02	4.81E+00
83.4	1.96E+02	2.17E+00	82.5	1.37E+02	4.82E+00
83.5	1.93E+02	2.17E+00	82.6	1.27E+02	4.74E+00
83.6	1.97E+02	2.16E+00	82.7	1.32E+02	4.80E+00
83.6	1.94E+02	2.18E+00	82.7	1.30E+02	4.78E+00
83.7	1.94E+02	2.17E+00	82.8	1.32E+02	4.79E+00
83.8	1.93E+02	2.16E+00	82.9	1.33E+02	4.73E+00
83.8	1.94E+02	2.18E+00	82.9	1.32E+02	4.75E+00
83.9	1.95E+02	2.17E+00	83	1.35E+02	4.79E+00
84	1.92E+02	2.17E+00	83.1	1.25E+02	4.65E+00
84	1.92E+02	2.15E+00	83.1	1.32E+02	4.72E+00
84.1	1.95E+02	2.16E+00	83.2	1.24E+02	4.66E+00
84.2	1.90E+02	2.14E+00	83.2	1.33E+02	4.71E+00
84.2	1.94E+02	2.18E+00	83.3	1.34E+02	4.74E+00
84.3	1.91E+02	2.20E+00	83.4	1.37E+02	4.78E+00
84.4	1.93E+02	2.20E+00	83.4	1.37E+02	4.73E+00
84.4	1.94E+02	2.19E+00	83.5	1.35E+02	4.73E+00
84.5	1.98E+02	2.19E+00	83.6	1.31E+02	4.74E+00
84.6	1.95E+02	2.16E+00	83.6	1.32E+02	4.66E+00
84.6	2.04E+02	2.18E+00	83.7	1.24E+02	4.63E+00
84.7	1.93E+02	2.16E+00	83.8	1.36E+02	4.73E+00
84.7	1.97E+02	2.17E+00	83.8	1.35E+02	4.67E+00
84.8	2.03E+02	2.22E+00	83.9	1.32E+02	4.71E+00
84.9	1.96E+02	2.17E+00	84	1.32E+02	4.69E+00
84.9	2.01E+02	2.20E+00	84	1.35E+02	4.76E+00
85	1.96E+02	2.17E+00	84.1	1.34E+02	4.68E+00
85.1	1.94E+02	2.18E+00	84.2	1.32E+02	4.72E+00
85.1	1.97E+02	2.18E+00	84.2	1.38E+02	4.80E+00
85.2	1.94E+02	2.18E+00	84.3	1.27E+02	4.65E+00
85.3	1.95E+02	2.19E+00	84.4	1.35E+02	4.75E+00
85.3	1.93E+02	2.17E+00	84.4	1.38E+02	4.80E+00
85.4	1.96E+02	2.18E+00	84.5	1.38E+02	4.85E+00
85.5	1.95E+02	2.18E+00	84.6	1.37E+02	4.72E+00
85.5	2.10E+02	2.21E+00	84.6	1.28E+02	4.73E+00
85.6	1.93E+02	2.16E+00	84.7	1.32E+02	4.75E+00
85.7	1.98E+02	2.19E+00	84.8	1.33E+02	4.82E+00
85.7	1.95E+02	2.16E+00	84.8	1.37E+02	4.83E+00
85.8	1.98E+02	2.20E+00	84.9	1.31E+02	4.79E+00
85.9	1.94E+02	2.18E+00	85	1.35E+02	4.77E+00
85.9	1.95E+02	2.19E+00	85	1.34E+02	4.79E+00
86	1.94E+02	2.17E+00	85.1	1.39E+02	4.82E+00
86.1	1.98E+02	2.20E+00	85.2	1.33E+02	4.72E+00
86.1	1.96E+02	2.18E+00	85.2	1.36E+02	4.81E+00
86.2	1.95E+02	2.19E+00	85.3	1.29E+02	4.73E+00
86.3	1.94E+02	2.19E+00	85.4	1.37E+02	4.79E+00
86.3	1.97E+02	2.20E+00	85.4	1.35E+02	4.87E+00
86.4	1.98E+02	2.18E+00	85.5	1.26E+02	4.81E+00
86.5	1.94E+02	2.19E+00	85.6	1.31E+02	4.79E+00
86.5	1.94E+02	2.18E+00	85.6	1.31E+02	4.82E+00
86.6	2.02E+02	2.20E+00	85.7	1.39E+02	4.81E+00
86.7	2.05E+02	2.20E+00	85.8	1.33E+02	4.76E+00
86.7	1.98E+02	2.19E+00	85.8	1.35E+02	4.76E+00
86.8	1.96E+02	2.17E+00	85.9	1.35E+02	4.81E+00
86.9	1.98E+02	2.17E+00	85.9	1.40E+02	4.84E+00
86.9	1.97E+02	2.18E+00	86	1.35E+02	4.77E+00
87	2.03E+02	2.18E+00	86.1	1.36E+02	4.80E+00
87.1	1.98E+02	2.15E+00	86.1	1.32E+02	4.81E+00
87.1	2.03E+02	2.18E+00	86.2	1.32E+02	4.76E+00
87.2	1.95E+02	2.14E+00	86.3	1.32E+02	4.74E+00
87.3	2.00E+02	2.14E+00	86.3	1.36E+02	4.77E+00
87.3	1.96E+02	2.13E+00	86.4	1.34E+02	4.72E+00
87.4	2.02E+02	2.14E+00	86.5	1.47E+02	4.86E+00
87.4	1.99E+02	2.12E+00	86.5	1.30E+02	4.71E+00
87.5	1.98E+02	2.11E+00	86.6	1.30E+02	4.73E+00
87.6	1.98E+02	2.10E+00	86.7	1.28E+02	4.66E+00
87.6	1.92E+02	2.10E+00	86.7	1.32E+02	4.71E+00
87.7	2.00E+02	2.08E+00	86.8	1.39E+02	4.87E+00
87.8	1.97E+02	2.08E+00	86.9	1.35E+02	4.71E+00
87.8	1.96E+02	2.07E+00	86.9	1.37E+02	4.78E+00
87.9	1.95E+02	2.05E+00	87	1.35E+02	4.74E+00
88	1.96E+02	2.07E+00	87.1	1.37E+02	4.77E+00
88	1.92E+02	2.05E+00	87.1	1.34E+02	4.78E+00
88.1	1.96E+02	2.06E+00	87.2	1.34E+02	4.73E+00
88.2	1.98E+02	2.06E+00	87.3	1.31E+02	4.64E+00
88.2	2.00E+02	2.06E+00	87.3	1.38E+02	4.72E+00
88.3	1.90E+02	2.03E+00	87.4	1.37E+02	4.79E+00
88.4	2.00E+02	2.07E+00	87.5	1.38E+02	4.78E+00
88.4	1.95E+02	2.04E+00	87.5	1.30E+02	4.64E+00
88.5	1.98E+02	2.05E+00	87.6	1.42E+02	4.81E+00
88.6	1.97E+02	2.04E+00	87.7	1.32E+02	4.76E+00
88.6	2.09E+02	2.09E+00	87.7	1.38E+02	4.82E+00
88.7	1.95E+02	2.03E+00	87.8	1.30E+02	4.79E+00
88.8	2.09E+02	2.09E+00	87.9	1.38E+02	4.81E+00
88.8	1.97E+02	2.05E+00	87.9	1.38E+02	4.77E+00
88.9	2.08E+02	2.12E+00	88	1.31E+02	4.75E+00
89	1.93E+02	2.08E+00	88.1	1.35E+02	4.82E+00
89	2.05E+02	2.11E+00	88.1	1.26E+02	4.77E+00
89.1	1.92E+02	2.10E+00	88.2	1.45E+02	4.89E+00
89.2	2.02E+02	2.13E+00	88.3	1.33E+02	4.85E+00
89.2	1.92E+02	2.09E+00	88.3	1.30E+02	4.74E+00
89.3	2.07E+02	2.15E+00	88.4	1.25E+02	4.73E+00
89.4	1.91E+02	2.13E+00	88.5	1.33E+02	4.76E+00
89.4	2.01E+02	2.16E+00	88.5	1.29E+02	4.74E+00
89.5	2.00E+02	2.16E+00	88.6	1.39E+02	4.81E+00
89.6	2.05E+02	2.18E+00	88.6	1.46E+02	4.92E+00
89.6	1.97E+02	2.15E+00	88.7	1.37E+02	4.77E+00
89.7	2.04E+02	2.18E+00	88.8	1.34E+02	4.74E+00
89.8	1.96E+02	2.13E+00	88.8	1.47E+02	4.93E+00
89.8	2.02E+02	2.18E+00	88.9	1.31E+02	4.75E+00
89.9	1.94E+02	2.13E+00	89	1.37E+02	4.83E+00
90	2.00E+02	2.16E+00	89	1.36E+02	4.82E+00
90	1.96E+02	2.14E+00	89.1	1.35E+02	4.77E+00
90.1	2.04E+02	2.17E+00	89.2	1.36E+02	4.80E+00
90.2	1.94E+02	2.13E+00	89.2	1.35E+02	4.77E+00
90.2	1.99E+02	2.17E+00	89.3	1.41E+02	4.89E+00
90.3	1.97E+02	2.16E+00	89.4	1.40E+02	4.79E+00
90.3	2.07E+02	2.17E+00	89.4	1.43E+02	4.87E+00
90.4	1.92E+02	2.14E+00	89.5	1.29E+02	4.72E+00
90.5	2.07E+02	2.18E+00	89.6	1.45E+02	4.86E+00
90.5	1.96E+02	2.15E+00	89.6	1.51E+02	4.92E+00
90.6	2.00E+02	2.17E+00	89.7	1.41E+02	4.68E+00
90.7	1.97E+02	2.16E+00	89.8	1.39E+02	4.76E+00
90.7	2.12E+02	2.22E+00	89.8	1.28E+02	4.65E+00
90.8	1.96E+02	2.16E+00	89.9	1.41E+02	4.74E+00
90.9	2.05E+02	2.19E+00	90	1.38E+02	4.70E+00
90.9	1.97E+02	2.18E+00	90	1.41E+02	4.66E+00
91	2.04E+02	2.18E+00	90.1	1.45E+02	4.72E+00
91.1	1.92E+02	2.15E+00	90.2	1.34E+02	4.54E+00
91.1	2.10E+02	2.20E+00	90.2	1.43E+02	4.64E+00
91.2	1.96E+02	2.15E+00	90.3	1.43E+02	4.62E+00
91.3	2.08E+02	2.20E+00	90.4	1.38E+02	4.54E+00
91.3	2.05E+02	2.18E+00	90.4	1.46E+02	4.67E+00
91.4	2.06E+02	2.20E+00	90.5	1.39E+02	4.59E+00
91.5	1.98E+02	2.15E+00	90.6	1.42E+02	4.62E+00
91.5	2.07E+02	2.19E+00	90.6	1.30E+02	4.47E+00
91.6	2.02E+02	2.19E+00	90.7	1.39E+02	4.54E+00
91.7	2.08E+02	2.20E+00	90.8	1.41E+02	4.56E+00
91.7	1.98E+02	2.16E+00	90.8	1.42E+02	4.55E+00
91.8	2.07E+02	2.20E+00	90.9	1.37E+02	4.49E+00
91.9	2.01E+02	2.18E+00	91	1.39E+02	4.55E+00
91.9	2.12E+02	2.24E+00	91	1.42E+02	4.55E+00
92	1.95E+02	2.17E+00	91.1	1.37E+02	4.50E+00
92.1	2.09E+02	2.23E+00	91.2	1.49E+02	4.62E+00
92.1	2.04E+02	2.22E+00	91.2	1.35E+02	4.46E+00
92.2	2.05E+02	2.22E+00	91.3	1.29E+02	4.42E+00
92.3	2.04E+02	2.21E+00	91.3	1.36E+02	4.56E+00
92.3	2.08E+02	2.23E+00	91.4	1.37E+02	4.55E+00
92.4	1.99E+02	2.21E+00	91.5	1.35E+02	4.55E+00
92.5	2.06E+02	2.24E+00	91.5	1.36E+02	4.62E+00
92.5	2.00E+02	2.22E+00	91.6	1.38E+02	4.69E+00
92.6	2.06E+02	2.24E+00	91.7	1.33E+02	4.58E+00
92.7	2.03E+02	2.21E+00	91.7	1.38E+02	4.66E+00
92.7	2.12E+02	2.26E+00	91.8	1.36E+02	4.68E+00
92.8	2.06E+02	2.24E+00	91.9	1.43E+02	4.78E+00
92.9	2.09E+02	2.27E+00	91.9	1.38E+02	4.75E+00
92.9	2.06E+02	2.25E+00	92	1.35E+02	4.76E+00
93	2.05E+02	2.25E+00	92.1	1.35E+02	4.75E+00
93	2.00E+02	2.23E+00	92.1	1.31E+02	4.69E+00
93.1	2.14E+02	2.28E+00	92.2	1.44E+02	4.81E+00
93.2	2.03E+02	2.24E+00	92.3	1.33E+02	4.67E+00
93.2	2.06E+02	2.23E+00	92.3	1.33E+02	4.66E+00
93.3	2.00E+02	2.21E+00	92.4	1.30E+02	4.69E+00
93.4	2.02E+02	2.24E+00	92.5	1.44E+02	4.79E+00
93.4	1.98E+02	2.21E+00	92.5	1.46E+02	4.83E+00
93.5	2.05E+02	2.22E+00	92.6	1.41E+02	4.77E+00
93.6	2.00E+02	2.20E+00	92.7	1.43E+02	4.80E+00
93.6	2.02E+02	2.21E+00	92.7	1.42E+02	4.76E+00
93.7	2.02E+02	2.22E+00	92.8	1.41E+02	4.77E+00
93.8	2.04E+02	2.22E+00	92.9	1.42E+02	4.77E+00
93.8	2.00E+02	2.21E+00	92.9	1.36E+02	4.72E+00
93.9	2.08E+02	2.22E+00	93	1.35E+02	4.70E+00
94	2.04E+02	2.21E+00	93.1	1.38E+02	4.74E+00
94	2.01E+02	2.20E+00	93.1	1.41E+02	4.76E+00
94.1	2.02E+02	2.19E+00	93.2	1.51E+02	4.88E+00
94.2	2.03E+02	2.19E+00	93.3	1.41E+02	4.78E+00
94.2	2.03E+02	2.20E+00	93.3	1.40E+02	4.74E+00
94.3	2.05E+02	2.21E+00	93.4	1.35E+02	4.70E+00
94.4	2.03E+02	2.21E+00	93.5	1.45E+02	4.76E+00
94.4	2.00E+02	2.18E+00	93.5	1.41E+02	4.75E+00
94.5	2.01E+02	2.20E+00	93.6	1.41E+02	4.75E+00
94.6	2.01E+02	2.18E+00	93.7	1.44E+02	4.78E+00
94.6	2.06E+02	2.19E+00	93.7	1.46E+02	4.83E+00
94.7	2.01E+02	2.17E+00	93.8	1.51E+02	4.88E+00
94.8	2.06E+02	2.17E+00	93.9	1.42E+02	4.80E+00
94.8	2.02E+02	2.18E+00	93.9	1.40E+02	4.79E+00
94.9	2.09E+02	2.16E+00	94	1.44E+02	4.81E+00
95	1.99E+02	2.14E+00	94	1.40E+02	4.82E+00
95	2.08E+02	2.18E+00	94.1	1.44E+02	4.89E+00
95.1	2.03E+02	2.14E+00	94.2	1.46E+02	4.94E+00
95.2	2.03E+02	2.15E+00	94.2	1.46E+02	5.03E+00
95.2	2.11E+02	2.19E+00	94.3	1.31E+02	4.82E+00
95.3	2.05E+02	2.17E+00	94.4	1.47E+02	4.93E+00
95.6	2.07E+02	2.21E+00	94.4	1.29E+02	4.77E+00
95.6	2.06E+02	2.22E+00	94.5	1.42E+02	4.89E+00
95.7	2.01E+02	2.20E+00	94.6	1.45E+02	4.85E+00
95.8	2.06E+02	2.20E+00	94.6	1.43E+02	4.88E+00
95.8	2.03E+02	2.18E+00	94.7	1.41E+02	4.84E+00
95.9	2.06E+02	2.19E+00	94.8	1.45E+02	4.85E+00
96	2.01E+02	2.18E+00	94.8	1.38E+02	4.77E+00
96	2.00E+02	2.18E+00	94.9	1.44E+02	4.80E+00
96.1	2.02E+02	2.19E+00	95	1.42E+02	4.85E+00
96.2	2.01E+02	2.20E+00	95	1.38E+02	4.72E+00
96.2	2.04E+02	2.22E+00	95.1	1.33E+02	4.66E+00
96.3	2.03E+02	2.21E+00	95.2	1.38E+02	4.64E+00
96.4	2.03E+02	2.21E+00	95.2	1.40E+02	4.71E+00
96.4	2.06E+02	2.19E+00	95.3	1.49E+02	4.77E+00
96.5	2.01E+02	2.22E+00	95.4	1.44E+02	4.78E+00
96.6	2.07E+02	2.20E+00	95.4	1.36E+02	4.67E+00
96.6	2.02E+02	2.18E+00	95.5	1.39E+02	4.72E+00
96.7	2.07E+02	2.20E+00	95.6	1.43E+02	4.77E+00
96.8	2.02E+02	2.19E+00	95.6	1.52E+02	4.89E+00
96.8	2.03E+02	2.18E+00	95.7	1.51E+02	4.90E+00
96.9	2.00E+02	2.17E+00	95.8	1.36E+02	4.72E+00
97	2.03E+02	2.19E+00	95.8	1.44E+02	4.90E+00
97	2.04E+02	2.19E+00	95.9	1.44E+02	4.83E+00
97.1	2.03E+02	2.19E+00	96	1.49E+02	4.95E+00
97.2	2.02E+02	2.19E+00	96	1.48E+02	4.90E+00
97.2	2.07E+02	2.20E+00	96.1	1.48E+02	4.89E+00
97.3	2.06E+02	2.19E+00	96.2	1.40E+02	4.83E+00
97.4	2.01E+02	2.18E+00	96.2	1.27E+02	4.71E+00
97.4	2.05E+02	2.18E+00	96.3	1.38E+02	4.78E+00
97.5	2.04E+02	2.18E+00	96.3	1.45E+02	4.82E+00
97.6	2.06E+02	2.17E+00	96.4	1.44E+02	4.80E+00
97.6	2.02E+02	2.16E+00	96.5	1.43E+02	4.79E+00
97.7	2.03E+02	2.17E+00	96.5	1.46E+02	4.82E+00
97.8	2.04E+02	2.16E+00	96.6	1.42E+02	4.76E+00
97.8	2.00E+02	2.16E+00	96.7	1.27E+02	4.62E+00
97.9	2.02E+02	2.19E+00	96.7	1.42E+02	4.82E+00
98	2.05E+02	2.18E+00	96.8	1.38E+02	4.85E+00
98	2.05E+02	2.19E+00	96.9	1.35E+02	4.81E+00
98.1	2.09E+02	2.20E+00	96.9	1.35E+02	4.82E+00
98.1	2.07E+02	2.21E+00	97	1.43E+02	4.89E+00
98.2	2.02E+02	2.20E+00	97.1	1.47E+02	4.92E+00
98.3	2.04E+02	2.22E+00	97.1	1.40E+02	4.77E+00
98.3	2.06E+02	2.22E+00	97.2	1.44E+02	4.90E+00
98.4	2.06E+02	2.21E+00	97.3	1.41E+02	4.89E+00
98.5	2.07E+02	2.22E+00	97.3	1.46E+02	4.89E+00
98.5	2.04E+02	2.21E+00	97.4	1.30E+02	4.74E+00
98.6	2.08E+02	2.22E+00	97.5	1.45E+02	4.93E+00
98.7	2.06E+02	2.21E+00	97.5	1.34E+02	4.82E+00
98.7	2.06E+02	2.21E+00	97.6	1.31E+02	4.73E+00
98.8	2.04E+02	2.22E+00	97.7	1.45E+02	4.87E+00
98.9	2.07E+02	2.21E+00	97.7	1.38E+02	4.85E+00
98.9	2.06E+02	2.21E+00	97.8	1.37E+02	4.86E+00
99	2.02E+02	2.21E+00	97.9	1.34E+02	4.80E+00
99.1	2.05E+02	2.21E+00	97.9	1.30E+02	4.74E+00
99.1	2.05E+02	2.21E+00	98	1.44E+02	4.86E+00
99.2	2.03E+02	2.23E+00	98.1	1.46E+02	4.92E+00
99.3	2.07E+02	2.22E+00	98.1	1.46E+02	4.91E+00
99.3	2.03E+02	2.21E+00	98.2	1.35E+02	4.79E+00
99.4	2.07E+02	2.23E+00	98.3	1.43E+02	4.84E+00
99.5	2.06E+02	2.22E+00	98.3	1.40E+02	4.78E+00
99.5	2.04E+02	2.21E+00	98.4	1.41E+02	4.76E+00
99.6	2.05E+02	2.24E+00	98.5	1.38E+02	4.69E+00
99.7	2.03E+02	2.24E+00	98.5	1.45E+02	4.79E+00
99.7	2.10E+02	2.23E+00	98.6	1.40E+02	4.73E+00
99.8	2.06E+02	2.23E+00	98.7	1.30E+02	4.75E+00
99.9	2.07E+02	2.22E+00	98.7	1.51E+02	4.89E+00
99.9	2.06E+02	2.22E+00	98.8	1.58E+02	5.00E+00
100	2.03E+02	2.23E+00	98.8	1.41E+02	4.93E+00
100.1	2.07E+02	2.24E+00	98.9	1.37E+02	5.00E+00
100.1	2.03E+02	2.22E+00	99	1.41E+02	4.98E+00
100.2	2.05E+02	2.23E+00	99	1.43E+02	5.02E+00
100.3	2.00E+02	2.22E+00	99.1	1.44E+02	5.05E+00
100.3	2.04E+02	2.23E+00	99.2	1.40E+02	4.97E+00
100.4	2.05E+02	2.21E+00	99.2	1.33E+02	4.94E+00
100.5	2.07E+02	2.22E+00	99.3	1.46E+02	5.04E+00
100.5	2.03E+02	2.22E+00	99.4	1.40E+02	4.94E+00
100.6	2.05E+02	2.22E+00	99.4	1.43E+02	5.11E+00
100.7	2.04E+02	2.21E+00	99.5	1.45E+02	5.12E+00
100.7	2.07E+02	2.22E+00	99.6	1.42E+02	5.04E+00
100.8	2.08E+02	2.20E+00	99.6	1.47E+02	5.11E+00
100.8	2.05E+02	2.21E+00	99.7	1.55E+02	5.18E+00
100.9	2.08E+02	2.21E+00	99.8	1.30E+02	4.97E+00
101	2.03E+02	2.20E+00	99.8	1.44E+02	5.10E+00
101	2.08E+02	2.21E+00	99.9	1.52E+02	5.21E+00
101.1	2.08E+02	2.21E+00	100	1.43E+02	5.12E+00
101.2	2.03E+02	2.21E+00	100	1.44E+02	5.14E+00
101.2	2.02E+02	2.19E+00	100.1	1.32E+02	5.01E+00
101.3	2.10E+02	2.23E+00	100.2	1.42E+02	5.13E+00
101.4	2.04E+02	2.21E+00	100.2	1.55E+02	5.26E+00
101.4	2.04E+02	2.21E+00	100.3	1.43E+02	5.10E+00
101.5	2.04E+02	2.21E+00	100.4	1.48E+02	5.24E+00
101.6	2.07E+02	2.21E+00	100.4	1.41E+02	5.13E+00
101.6	2.08E+02	2.21E+00	100.5	1.43E+02	5.13E+00
101.7	2.08E+02	2.23E+00	100.6	1.43E+02	5.14E+00
101.8	2.07E+02	2.22E+00	100.6	1.46E+02	5.22E+00
101.8	2.06E+02	2.22E+00	100.7	1.39E+02	5.07E+00
101.9	2.05E+02	2.21E+00	100.8	1.49E+02	5.17E+00
102	2.04E+02	2.20E+00	100.8	1.45E+02	5.11E+00
102	2.08E+02	2.23E+00	100.9	1.49E+02	5.17E+00
102.1	2.11E+02	2.23E+00	101	1.49E+02	5.17E+00
102.2	2.06E+02	2.21E+00	101	1.57E+02	5.25E+00
102.2	2.08E+02	2.22E+00	101.1	1.36E+02	5.03E+00
102.3	2.02E+02	2.21E+00	101.2	1.47E+02	5.16E+00
102.4	2.06E+02	2.21E+00	101.2	1.40E+02	5.61E+00
102.4	2.04E+02	2.21E+00	101.3	1.46E+02	5.40E+00
102.5	2.09E+02	2.20E+00	101.4	1.44E+02	5.49E+00
102.6	2.07E+02	2.29E+00	101.4	1.48E+02	5.54E+00
102.6	2.04E+02	2.28E+00	101.5	1.46E+02	5.15E+00
102.7	2.04E+02	2.28E+00	101.5	1.48E+02	5.13E+00
102.8	2.06E+02	2.29E+00	101.6	1.44E+02	5.11E+00
102.8	2.09E+02	2.19E+00	101.7	1.47E+02	5.11E+00
102.9	2.08E+02	2.22E+00	101.7	1.52E+02	5.14E+00
103	2.08E+02	2.23E+00	101.8	1.37E+02	5.11E+00
103	2.08E+02	2.24E+00	101.9	1.43E+02	5.11E+00
103.1	2.09E+02	2.20E+00	101.9	1.42E+02	5.09E+00
103.2	2.04E+02	2.22E+00	102	1.55E+02	5.18E+00
103.2	2.10E+02	2.23E+00	102.1	1.40E+02	5.10E+00
103.3	2.06E+02	2.22E+00	102.1	1.56E+02	5.21E+00
103.4	2.08E+02	2.22E+00	102.2	1.52E+02	5.26E+00
103.4	2.08E+02	2.22E+00	102.3	1.34E+02	5.03E+00
103.5	2.10E+02	2.23E+00	102.3	1.52E+02	5.21E+00
103.5	2.06E+02	2.22E+00	102.4	1.50E+02	5.18E+00
103.6	2.07E+02	2.23E+00	102.5	1.47E+02	5.17E+00
103.7	2.08E+02	2.23E+00	102.5	1.47E+02	5.17E+00
103.7	2.07E+02	2.24E+00	102.6	1.38E+02	5.06E+00
103.8	2.06E+02	2.22E+00	102.7	1.54E+02	5.20E+00
103.9	2.09E+02	2.24E+00	102.7	1.52E+02	5.15E+00
103.9	2.10E+02	2.23E+00	102.8	1.44E+02	5.18E+00
104	2.05E+02	2.22E+00	102.9	1.41E+02	5.12E+00
104.1	2.07E+02	2.23E+00	102.9	1.50E+02	5.19E+00
104.1	2.08E+02	2.22E+00	103	1.47E+02	5.21E+00
104.2	2.05E+02	2.21E+00	103.1	1.46E+02	5.13E+00
104.3	2.08E+02	2.25E+00	103.1	1.47E+02	5.21E+00
104.3	2.11E+02	2.24E+00	103.2	1.41E+02	5.10E+00
104.4	2.11E+02	2.24E+00	103.3	1.48E+02	5.18E+00
104.5	2.08E+02	2.22E+00	103.3	1.37E+02	5.03E+00
104.5	2.07E+02	2.23E+00	103.4	1.40E+02	5.07E+00
104.6	2.08E+02	2.22E+00	103.5	1.49E+02	5.15E+00
104.7	2.09E+02	2.24E+00	103.5	1.51E+02	5.20E+00
104.7	2.10E+02	2.22E+00	103.6	1.52E+02	5.20E+00
104.8	2.06E+02	2.24E+00	103.7	1.45E+02	5.06E+00
104.9	2.09E+02	2.23E+00	103.7	1.50E+02	5.26E+00
104.9	2.10E+02	2.24E+00	103.8	1.52E+02	5.22E+00
105	2.08E+02	2.25E+00	103.9	1.43E+02	5.13E+00
105.1	2.09E+02	2.23E+00	103.9	1.51E+02	5.18E+00
105.1	2.07E+02	2.23E+00	104	1.43E+02	5.15E+00
105.2	2.09E+02	2.23E+00	104.1	1.41E+02	5.07E+00
105.3	2.09E+02	2.25E+00	104.1	1.45E+02	5.10E+00
105.3	2.12E+02	2.24E+00	104.2	1.46E+02	5.19E+00
105.4	2.07E+02	2.23E+00	104.2	1.50E+02	5.29E+00
105.5	2.08E+02	2.23E+00	104.3	1.45E+02	5.10E+00
105.5	2.11E+02	2.24E+00	104.4	1.47E+02	5.14E+00
105.6	2.10E+02	2.23E+00	104.4	1.50E+02	5.14E+00
105.7	2.06E+02	2.22E+00	104.5	1.47E+02	5.18E+00
105.7	2.09E+02	2.24E+00	104.6	1.45E+02	5.15E+00
105.8	2.03E+02	2.23E+00	104.6	1.50E+02	5.21E+00
105.9	2.09E+02	2.25E+00	104.7	1.56E+02	5.25E+00
105.9	2.11E+02	2.25E+00	104.8	1.51E+02	5.22E+00
106	2.10E+02	2.25E+00	104.8	1.36E+02	5.06E+00
106.1	2.06E+02	2.23E+00	104.9	1.48E+02	5.14E+00
106.1	2.13E+02	2.26E+00	105	1.42E+02	5.17E+00
106.2	2.09E+02	2.23E+00	105	1.54E+02	5.22E+00
106.2	2.07E+02	2.24E+00	105.1	1.52E+02	5.21E+00
106.3	2.06E+02	2.23E+00	105.2	1.44E+02	5.09E+00
106.4	2.08E+02	2.23E+00	105.2	1.43E+02	5.12E+00
106.4	2.11E+02	2.24E+00	105.3	1.41E+02	5.12E+00
106.5	2.14E+02	2.26E+00	105.4	1.39E+02	5.07E+00
106.6	2.07E+02	2.24E+00	105.4	1.56E+02	5.24E+00
106.6	2.06E+02	2.24E+00	105.5	1.50E+02	5.19E+00
106.7	2.09E+02	2.25E+00	105.6	1.47E+02	5.19E+00
106.8	2.16E+02	2.24E+00	105.6	1.44E+02	5.12E+00
106.8	2.10E+02	2.24E+00	105.7	1.53E+02	5.19E+00
106.9	2.09E+02	2.23E+00	105.8	1.60E+02	5.23E+00
107	2.09E+02	2.24E+00	105.8	1.55E+02	5.21E+00
107	2.07E+02	2.24E+00	105.9	1.51E+02	5.19E+00
107.1	2.09E+02	2.24E+00	106	1.53E+02	5.22E+00
107.2	2.10E+02	2.23E+00	106	1.50E+02	5.20E+00
107.2	2.07E+02	2.23E+00	106.1	1.43E+02	5.04E+00
107.3	2.11E+02	2.24E+00	106.2	1.45E+02	5.14E+00
107.4	2.08E+02	2.24E+00	106.2	1.48E+02	5.17E+00
107.4	2.10E+02	2.24E+00	106.3	1.48E+02	5.20E+00
107.5	2.10E+02	2.25E+00	106.4	1.51E+02	5.22E+00
107.6	2.13E+02	2.25E+00	106.4	1.52E+02	5.18E+00
107.6	2.07E+02	2.24E+00	106.5	1.47E+02	5.12E+00
107.7	2.08E+02	2.24E+00	106.6	1.48E+02	5.18E+00
107.8	2.09E+02	2.24E+00	106.6	1.47E+02	5.20E+00
107.8	2.11E+02	2.26E+00	106.7	1.46E+02	5.10E+00
107.9	2.15E+02	2.27E+00	106.8	1.40E+02	5.10E+00
108	2.06E+02	2.24E+00	106.8	1.44E+02	5.14E+00
108	2.09E+02	2.24E+00	106.9	1.45E+02	5.14E+00
108.1	2.09E+02	2.25E+00	106.9	1.43E+02	5.07E+00
108.2	2.12E+02	2.25E+00	107	1.57E+02	5.21E+00
108.2	2.06E+02	2.24E+00	107.1	1.44E+02	5.12E+00
108.3	2.10E+02	2.23E+00	107.1	1.47E+02	5.18E+00
108.4	2.10E+02	2.25E+00	107.2	1.47E+02	5.13E+00
108.4	2.11E+02	2.23E+00	107.3	1.57E+02	5.27E+00
108.5	2.10E+02	2.25E+00	107.3	1.40E+02	5.07E+00
108.6	2.14E+02	2.26E+00	107.4	1.55E+02	5.22E+00
108.6	2.09E+02	2.25E+00	107.5	1.51E+02	5.15E+00
108.7	2.07E+02	2.23E+00	107.5	1.47E+02	5.21E+00
108.8	2.12E+02	2.24E+00	107.6	1.52E+02	5.19E+00
108.8	2.12E+02	2.24E+00	107.7	1.46E+02	5.12E+00
108.9	2.09E+02	2.23E+00	107.7	1.39E+02	5.13E+00
108.9	2.08E+02	2.25E+00	107.8	1.46E+02	5.13E+00
109	2.10E+02	2.25E+00	107.9	1.59E+02	5.28E+00
109.1	2.11E+02	2.23E+00	107.9	1.59E+02	5.26E+00
109.1	2.13E+02	2.25E+00	108	1.65E+02	5.26E+00
109.2	2.14E+02	2.24E+00	108.1	1.52E+02	5.18E+00
109.3	2.09E+02	2.24E+00	108.1	1.65E+02	5.26E+00
109.3	2.13E+02	2.25E+00	108.2	1.43E+02	5.13E+00
109.4	2.14E+02	2.25E+00	108.3	1.60E+02	5.25E+00
109.5	2.14E+02	2.27E+00	108.3	1.53E+02	5.23E+00
109.5	2.11E+02	2.24E+00	108.4	1.51E+02	5.19E+00
109.6	2.09E+02	2.25E+00	108.5	1.49E+02	5.20E+00
109.7	2.12E+02	2.22E+00	108.5	1.51E+02	5.16E+00
109.7	2.07E+02	2.24E+00	108.6	1.53E+02	5.25E+00
109.8	2.08E+02	2.23E+00	108.7	1.50E+02	5.23E+00
109.9	2.08E+02	2.23E+00	108.7	1.51E+02	5.18E+00
109.9	2.13E+02	2.23E+00	108.8	1.43E+02	5.15E+00
110	2.14E+02	2.24E+00	108.9	1.43E+02	5.18E+00
110.1	2.11E+02	2.22E+00	108.9	1.48E+02	5.22E+00
110.1	2.08E+02	2.23E+00	109	1.47E+02	5.19E+00
110.2	2.12E+02	2.22E+00	109.1	1.47E+02	5.19E+00
110.3	2.07E+02	2.22E+00	109.1	1.54E+02	5.21E+00
110.3	2.11E+02	2.24E+00	109.2	1.48E+02	5.16E+00
110.4	2.10E+02	2.22E+00	109.3	1.46E+02	5.15E+00
110.5	2.12E+02	2.24E+00	109.3	1.53E+02	5.25E+00
110.5	2.11E+02	2.23E+00	109.4	1.52E+02	5.24E+00
110.6	2.11E+02	2.21E+00	109.5	1.49E+02	5.12E+00
110.7	2.13E+02	2.24E+00	109.5	1.45E+02	5.14E+00
110.7	2.12E+02	2.23E+00	109.6	1.51E+02	5.30E+00
110.8	2.16E+02	2.24E+00	109.6	1.52E+02	5.24E+00
110.9	2.14E+02	2.23E+00	109.7	1.56E+02	5.30E+00
110.9	2.15E+02	2.25E+00	109.8	1.44E+02	5.11E+00
111	2.11E+02	2.23E+00	109.8	1.46E+02	5.17E+00
111.1	2.13E+02	2.24E+00	109.9	1.59E+02	5.29E+00
111.1	2.13E+02	2.23E+00	110	1.41E+02	5.25E+00
111.2	2.14E+02	2.23E+00	110	1.49E+02	5.23E+00
111.3	2.09E+02	2.24E+00	110.1	1.51E+02	5.28E+00
111.3	2.13E+02	2.29E+00	110.2	1.55E+02	5.26E+00
111.4	2.11E+02	2.24E+00	110.2	1.56E+02	5.18E+00
111.5	2.11E+02	2.25E+00	110.3	1.49E+02	5.22E+00
111.5	2.11E+02	2.25E+00	110.4	1.47E+02	5.23E+00
111.6	2.12E+02	2.26E+00	110.4	1.46E+02	5.19E+00
111.6	2.13E+02	2.25E+00	110.5	1.50E+02	5.19E+00
111.7	2.13E+02	2.25E+00	110.6	1.52E+02	5.20E+00
111.8	2.10E+02	2.24E+00	110.6	1.58E+02	5.21E+00
111.8	2.12E+02	2.25E+00	110.7	1.53E+02	5.20E+00
111.9	2.10E+02	2.27E+00	110.8	1.49E+02	5.10E+00
112	2.14E+02	2.26E+00	110.8	1.54E+02	5.19E+00
112	2.16E+02	2.24E+00	110.9	1.48E+02	5.09E+00
112.1	2.15E+02	2.24E+00	111	1.61E+02	5.28E+00
112.2	2.12E+02	2.24E+00	111	1.60E+02	5.20E+00
112.2	2.11E+02	2.22E+00	111.1	1.46E+02	5.11E+00
112.3	2.11E+02	2.25E+00	111.2	1.58E+02	5.20E+00
112.4	2.11E+02	2.24E+00	111.2	1.57E+02	5.22E+00
112.4	2.14E+02	2.25E+00	111.3	1.47E+02	5.09E+00
112.5	2.10E+02	2.24E+00	111.4	1.53E+02	5.13E+00
112.6	2.11E+02	2.25E+00	111.4	1.51E+02	5.11E+00
112.6	2.10E+02	2.23E+00	111.5	1.58E+02	5.23E+00
112.7	2.10E+02	2.23E+00	111.6	1.60E+02	5.20E+00
112.8	2.08E+02	2.23E+00	111.6	1.58E+02	5.19E+00
112.8	2.12E+02	2.23E+00	111.7	1.53E+02	5.17E+00
112.9	2.05E+02	2.22E+00	111.8	1.44E+02	5.14E+00
113	2.12E+02	2.23E+00	111.8	1.51E+02	5.21E+00
113	2.12E+02	2.24E+00	111.9	1.59E+02	5.21E+00
113.1	2.11E+02	2.25E+00	112	1.48E+02	5.15E+00
113.2	2.15E+02	2.25E+00	112	1.65E+02	5.29E+00
113.2	2.11E+02	2.24E+00	112.1	1.55E+02	5.17E+00
113.3	2.13E+02	2.25E+00	112.2	1.45E+02	5.05E+00
113.4	2.13E+02	2.26E+00	112.2	1.46E+02	5.04E+00
113.4	2.14E+02	2.26E+00	112.3	1.63E+02	5.16E+00
113.5	2.14E+02	2.25E+00	112.3	1.56E+02	5.15E+00
113.6	2.11E+02	2.24E+00	112.4	1.56E+02	5.16E+00
113.6	2.13E+02	2.26E+00	112.5	1.60E+02	5.21E+00
113.7	2.12E+02	2.23E+00	112.5	1.54E+02	5.13E+00
113.8	2.12E+02	2.23E+00	112.6	1.59E+02	5.21E+00
113.8	2.13E+02	2.24E+00	112.7	1.55E+02	5.19E+00
113.9	2.09E+02	2.22E+00	112.7	1.46E+02	5.12E+00
114	2.12E+02	2.23E+00	112.8	1.44E+02	5.11E+00
114	2.06E+02	2.20E+00	112.9	1.51E+02	5.14E+00
114.1	2.12E+02	2.21E+00	112.9	1.48E+02	5.17E+00
114.2	2.10E+02	2.22E+00	113	1.49E+02	5.20E+00
114.2	2.10E+02	2.23E+00	113.1	1.54E+02	5.27E+00
114.3	2.12E+02	2.20E+00	113.1	1.52E+02	5.16E+00
114.3	2.14E+02	2.24E+00	113.2	1.54E+02	5.22E+00
114.4	2.14E+02	2.26E+00	113.3	1.47E+02	5.13E+00
114.5	2.14E+02	2.24E+00	113.3	1.44E+02	5.08E+00
114.5	2.10E+02	2.22E+00	113.4	1.58E+02	5.21E+00
114.6	2.10E+02	2.21E+00	113.5	1.44E+02	5.07E+00
114.7	2.13E+02	2.21E+00	113.5	1.42E+02	5.03E+00
114.7	2.08E+02	2.19E+00	113.6	1.39E+02	5.07E+00
114.8	2.11E+02	2.20E+00	113.7	1.47E+02	5.14E+00
114.9	2.12E+02	2.21E+00	113.7	1.51E+02	5.16E+00
114.9	2.10E+02	2.20E+00	113.8	1.58E+02	5.24E+00
115	2.11E+02	2.22E+00	113.9	1.44E+02	5.05E+00
115.1	2.11E+02	2.21E+00	113.9	1.52E+02	5.20E+00
115.1	2.14E+02	2.22E+00	114	1.64E+02	5.28E+00
115.2	2.16E+02	2.24E+00	114.1	1.60E+02	5.15E+00
115.3	2.14E+02	2.25E+00	114.1	1.60E+02	5.10E+00
115.3	2.07E+02	2.22E+00	114.2	1.58E+02	5.19E+00
115.4	2.14E+02	2.23E+00	114.3	1.58E+02	5.19E+00
115.5	2.12E+02	2.23E+00	114.3	1.51E+02	5.07E+00
115.5	2.11E+02	2.21E+00	114.4	1.63E+02	5.30E+00
115.6	2.18E+02	2.24E+00	114.5	1.53E+02	5.26E+00
115.7	2.07E+02	2.21E+00	114.5	1.56E+02	5.24E+00
115.7	2.14E+02	2.22E+00	114.6	1.49E+02	5.43E+00
115.8	2.05E+02	2.23E+00	114.7	1.48E+02	5.76E+00
115.9	2.08E+02	2.28E+00	114.7	1.50E+02	6.21E+00
115.9	2.11E+02	2.40E+00	114.8	1.54E+02	6.87E+00
116	2.13E+02	2.49E+00	114.9	1.50E+02	7.93E+00
116.1	2.14E+02	2.70E+00	114.9	1.77E+02	1.44E+01
116.1	2.15E+02	2.94E+00			
116.2	2.09E+02	3.33E+00			
116.3	2.14E+02	4.50E+00			
